Timestamp;matlab_p;matlab_x;matlab_y;matlab_z
14;6.937309E+000;4.760140E+005;9.486400E+004;3.833764E+006
42;6.903113E+000;4.826520E+005;1.102500E+004;3.948169E+006
68;6.934519E+000;3.796310E+005;3.724900E+004;3.884841E+006
95;6.898685E+000;4.139820E+005;6.400900E+004;3.759721E+006
123;6.948422E+000;6.708810E+005;1.149210E+005;3.849444E+006
150;6.955618E+000;4.949280E+005;6.350400E+004;3.857296E+006
178;6.948095E+000;4.690980E+005;2.528100E+004;3.818116E+006
205;6.865112E+000;1.070820E+005;2.916000E+003;3.876961E+006
232;6.825414E+000;4.885000E+005;8.410000E+004;3.841600E+006
260;6.941452E+000;4.552820E+005;5.428900E+004;3.869089E+006
287;6.889934E+000;3.160000E+004;4.410000E+004;3.892729E+006
315;6.930624E+000;5.470750E+005;8.410000E+002;3.833764E+006
342;6.946531E+000;4.213660E+005;4.579600E+004;3.841600E+006
369;6.882052E+000;4.998000E+005;4.536900E+004;3.916441E+006
397;6.926008E+000;-2.651860E+005;1.795600E+004;3.825936E+006
425;6.891304E+000;4.246250E+005;4.622500E+004;3.849444E+006
452;6.857241E+000;2.232120E+005;8.584900E+004;3.849444E+006
479;6.961316E+000;3.093480E+005;2.433600E+004;3.857296E+006
507;6.843499E+000;1.822520E+005;8.464000E+003;3.908529E+006
534;6.790295E+000;2.989620E+005;4.326400E+004;3.849444E+006
562;6.911037E+000;1.703460E+005;7.569000E+003;3.869089E+006
590;6.725930E+000;4.977000E+005;1.681000E+003;3.876961E+006
616;6.854266E+000;4.562140E+005;5.428900E+004;3.916441E+006
643;6.794370E+000;2.998960E+005;4.622500E+004;3.869089E+006
670;6.904637E+000;5.564930E+005;8.236900E+004;3.802500E+006
698;6.837799E+000;7.892000E+004;1.600000E+003;3.932289E+006
726;7.015277E+000;3.993010E+005;9.985600E+004;3.833764E+006
754;6.950983E+000;5.907120E+005;3.364000E+003;3.786916E+006
780;6.847730E+000;2.883500E+005;2.131600E+004;3.857296E+006
807;7.017404E+000;3.605420E+005;2.601000E+003;3.849444E+006
835;6.829680E+000;4.723600E+005;8.880400E+004;3.786916E+006
863;6.895638E+000;-2.140760E+005;1.188100E+004;3.833764E+006
890;7.034956E+000;4.222600E+005;4.622500E+004;3.900625E+006
918;6.904092E+000;6.286860E+005;1.011240E+005;3.857296E+006
945;6.855176E+000;2.038400E+005;1.081600E+004;3.825936E+006
973;6.912816E+000;2.288520E+005;8.820900E+004;3.857296E+006
1001;6.781611E+000;2.498090E+005;1.276900E+004;3.924361E+006
1028;6.881926E+000;2.133000E+005;1.716100E+004;3.869089E+006
1054;6.878553E+000;8.138500E+004;1.681000E+003;3.876961E+006
1082;6.902992E+000;8.163050E+005;3.097600E+004;3.892729E+006
1109;6.733590E+000;2.051700E+005;1.102500E+004;3.849444E+006
1137;6.899067E+000;4.222600E+005;4.622500E+004;3.900625E+006
1164;6.738503E+000;4.438640E+005;5.107600E+004;3.849444E+006
1191;6.842849E+000;3.332000E+005;2.890000E+004;3.869089E+006
1218;7.047402E+000;1.643040E+005;7.056000E+003;3.825936E+006
1245;7.060078E+000;3.377900E+004;6.200100E+004;3.908529E+006
1273;7.154696E+000;4.258600E+005;6.812100E+004;3.892729E+006
1300;6.899991E+000;5.841990E+005;8.820900E+004;3.869089E+006
1327;6.931384E+000;4.255360E+005;2.433600E+004;3.825936E+006
1354;6.955802E+000;5.895040E+005;8.649000E+003;3.916441E+006
1382;7.048014E+000;3.845520E+005;3.841600E+004;3.900625E+006
1409;6.830236E+000;2.474640E+005;4.900000E+001;3.841600E+006
1437;6.709065E+000;6.710040E+005;3.459600E+004;3.825936E+006
1464;6.899065E+000;-1.395800E+004;4.900000E+001;3.876961E+006
1492;6.835358E+000;2.570100E+004;1.690000E+002;3.932289E+006
1518;6.921951E+000;3.015630E+005;3.348900E+004;3.833764E+006
1545;6.895411E+000;5.719310E+005;8.352100E+004;3.857296E+006
1572;6.932375E+000;2.099340E+005;1.144900E+004;3.884841E+006
1600;6.977182E+000;4.789530E+005;5.904900E+004;3.818116E+006
1627;6.831444E+000;1.682150E+005;7.225000E+003;3.857296E+006
1655;6.868312E+000;3.370040E+005;1.464100E+004;3.841600E+006
1682;6.929039E+000;4.459680E+005;3.459600E+004;3.869089E+006
1710;7.036730E+000;4.288020E+005;4.796100E+004;3.833764E+006
1736;6.909797E+000;5.468260E+005;6.561000E+003;3.884841E+006
1764;6.852701E+000;1.403670E+005;3.097600E+004;3.908529E+006
1792;6.938437E+000;3.545990E+005;3.204100E+004;3.876961E+006
1820;6.696465E+000;7.371540E+005;1.398760E+005;3.779136E+006
1848;6.849256E+000;-1.450510E+005;2.340900E+004;3.869089E+006
1876;6.918738E+000;3.598140E+005;1.089000E+003;3.876961E+006
1903;6.932265E+000;4.292420E+005;4.752400E+004;3.869089E+006
1931;6.712214E+000;5.695600E+004;8.410000E+002;3.857296E+006
1958;6.904151E+000;9.604000E+004;2.237290E+005;3.802500E+006
1985;6.928665E+000;2.894430E+005;2.160900E+004;3.833764E+006
2013;6.859778E+000;2.589870E+005;1.062760E+005;3.908529E+006
2040;6.745865E+000;1.772100E+005;6.300100E+004;3.876961E+006
2067;6.972272E+000;4.650650E+005;5.522500E+004;3.876961E+006
2094;6.891254E+000;5.960880E+005;4.579600E+004;3.833764E+006
2121;6.869061E+000;-1.130310E+005;3.249000E+003;3.892729E+006
2149;6.999551E+000;2.523240E+005;1.772410E+005;3.948169E+006
2177;7.052892E+000;7.259400E+005;1.369000E+005;3.833764E+006
2205;6.832524E+000;5.762400E+005;9.734400E+004;3.876961E+006
2231;6.998057E+000;5.959700E+005;6.084000E+003;3.924361E+006
2258;6.977718E+000;5.448800E+005;4.096000E+003;3.786916E+006
2284;6.963554E+000;8.838000E+004;2.025000E+003;3.857296E+006
2310;7.039946E+000;3.485240E+005;3.168400E+004;3.833764E+006
2338;7.061134E+000;7.449000E+005;1.459240E+005;3.908529E+006
2366;6.836996E+000;4.762880E+005;4.624000E+003;3.857296E+006
2393;6.980728E+000;-1.070820E+005;3.422500E+004;3.916441E+006
2421;6.802250E+000;5.359440E+005;7.022500E+004;3.968064E+006
2449;6.896219E+000;4.533280E+005;5.382400E+004;3.833764E+006
2476;7.020948E+000;3.051950E+005;1.000000E+004;3.884841E+006
2503;6.761765E+000;-6.657200E+004;3.240000E+004;3.810304E+006
2530;6.925862E+000;8.595790E+005;1.123600E+004;3.825936E+006
2558;6.882606E+000;9.865000E+004;2.500000E+003;3.869089E+006
2585;6.817985E+000;2.469600E+005;5.062500E+004;3.849444E+006
2612;6.876729E+000;2.900800E+005;2.190400E+004;3.841600E+006
2639;7.074906E+000;6.539720E+005;1.210000E+002;3.892729E+006
2665;6.926638E+000;3.468960E+005;3.097600E+004;3.924361E+006
2693;6.886759E+000;3.868920E+005;9.302500E+004;3.857296E+006
2721;7.163651E+000;2.967040E+005;2.310400E+004;3.849444E+006
2747;6.867508E+000;5.701970E+005;4.579600E+004;3.841600E+006
2773;6.976219E+000;8.198400E+004;1.764000E+003;3.810304E+006
2800;6.987076E+000;1.453360E+005;5.476000E+003;3.833764E+006
2826;6.920079E+000;-1.629340E+005;6.724000E+003;3.876961E+006
2852;6.716147E+000;2.976160E+005;1.690000E+004;3.786916E+006
2879;6.868105E+000;-1.101520E+005;6.200100E+004;3.810304E+006
2906;6.966131E+000;9.561600E+005;2.304000E+005;3.892729E+006
2934;7.036603E+000;3.199350E+005;2.722500E+004;3.779136E+006
2961;6.981235E+000;5.919200E+005;1.024000E+003;3.849444E+006
2988;7.102162E+000;-5.919000E+004;6.604900E+004;3.825936E+006
3014;6.794409E+000;3.501240E+005;3.204100E+004;3.876961E+006
3041;6.846001E+000;3.535250E+005;3.204100E+004;3.900625E+006
3067;6.994825E+000;2.190030E+005;1.232100E+004;3.940225E+006
3094;6.708524E+000;5.886000E+004;5.953600E+004;3.779136E+006
3121;6.818735E+000;4.699710E+005;5.198400E+004;3.857296E+006
3148;7.022738E+000;5.964480E+005;2.073600E+004;4.000000E+006
3174;6.782192E+000;2.349600E+004;1.440000E+002;3.849444E+006
3200;6.848633E+000;3.113310E+005;9.409000E+003;3.932289E+006
3228;6.870720E+000;9.835500E+005;2.560000E+002;3.849444E+006
3256;6.782423E+000;2.676980E+005;1.876900E+004;3.825936E+006
3283;6.838670E+000;5.140440E+005;6.864400E+004;3.841600E+006
3309;7.044135E+000;-4.353800E+004;7.840000E+004;3.876961E+006
3335;6.920296E+000;4.163030E+005;4.452100E+004;3.833764E+006
3362;6.871424E+000;3.669780E+005;3.459600E+004;3.892729E+006
3388;6.888104E+000;3.747840E+005;3.686400E+004;3.818116E+006
3414;6.972451E+000;3.560270E+005;8.940100E+004;3.900625E+006
3441;6.919910E+000;3.977790E+005;4.040100E+004;3.876961E+006
3468;6.955168E+000;4.630320E+005;6.724000E+003;3.794704E+006
3494;6.955168E+000;5.832150E+005;1.225000E+003;3.900625E+006
3521;6.778159E+000;5.217850E+005;7.022500E+004;3.833764E+006
3549;6.804991E+000;6.530700E+004;1.089000E+003;3.908529E+006
3576;7.004750E+000;3.093640E+005;8.122500E+004;3.908529E+006
3604;6.880331E+000;4.388940E+005;1.849000E+003;3.794704E+006
3632;6.887515E+000;6.611940E+005;1.135690E+005;3.960100E+006
3658;7.000562E+000;1.397990E+005;5.152900E+004;3.818116E+006
3685;6.888334E+000;4.700500E+005;6.561000E+003;3.884841E+006
3713;6.952323E+000;4.958800E+005;6.400900E+004;3.869089E+006
3740;6.878467E+000;5.211840E+005;2.102500E+004;3.810304E+006
3767;7.021148E+000;4.562140E+005;1.322500E+004;3.802500E+006
3794;6.969822E+000;1.864020E+005;8.836000E+003;3.833764E+006
3821;6.971639E+000;3.900400E+005;3.802500E+004;3.892729E+006
3848;6.953265E+000;6.149360E+005;4.410000E+002;3.818116E+006
3876;6.955962E+000;3.701720E+005;3.763600E+004;3.916441E+006
3904;6.977046E+000;2.881200E+005;2.160900E+004;3.924361E+006
3931;6.969944E+000;3.155600E+005;2.250000E+004;3.818116E+006
3958;6.924246E+000;5.224560E+005;6.100900E+004;3.869089E+006
3985;6.993763E+000;3.802400E+005;1.904400E+004;3.908529E+006
4012;6.968968E+000;5.286600E+004;7.290000E+002;3.857296E+006
4040;6.840520E+000;3.058150E+005;2.402500E+004;3.849444E+006
4067;6.937971E+000;7.463200E+004;1.444000E+003;3.884841E+006
4094;6.909698E+000;6.616540E+005;1.115560E+005;3.916441E+006
4122;6.843183E+000;2.790390E+005;1.988100E+004;3.869089E+006
4149;6.823967E+000;3.761100E+005;3.572100E+004;3.932289E+006
4177;6.745800E+000;5.696950E+005;8.236900E+004;3.884841E+006
4205;6.826327E+000;2.872380E+005;1.253160E+005;3.849444E+006
4232;7.045037E+000;5.851920E+005;7.225000E+003;3.833764E+006
4259;6.955044E+000;5.434440E+005;1.299600E+004;3.892729E+006
4287;6.978234E+000;5.850000E+004;9.000000E+002;3.849444E+006
4314;7.007895E+000;4.336200E+005;8.820900E+004;3.900625E+006
4341;7.014631E+000;2.959500E+005;2.250000E+004;3.876961E+006
4369;6.865439E+000;1.112640E+005;1.128960E+005;3.818116E+006
4396;6.994887E+000;4.248860E+005;2.722500E+004;3.940225E+006
4424;6.917197E+000;2.933810E+005;4.972900E+004;3.940225E+006
4452;6.792652E+000;2.570100E+004;4.796100E+004;3.810304E+006
4480;6.933118E+000;7.212810E+005;6.400000E+003;3.876961E+006
4507;6.768625E+000;5.822320E+005;8.761600E+004;3.841600E+006
4535;6.723955E+000;4.581720E+005;5.290000E+002;3.849444E+006
4563;6.947019E+000;4.449940E+005;9.216000E+003;3.884841E+006
4590;6.795785E+000;3.508400E+005;1.690000E+004;3.818116E+006
4617;6.878471E+000;1.756800E+004;8.008900E+004;3.849444E+006
4644;6.954994E+000;2.089260E+005;1.123600E+004;3.892729E+006
4672;6.839761E+000;-2.260620E+005;3.097600E+004;3.833764E+006
4699;6.862987E+000;-2.142800E+005;7.398400E+004;3.869089E+006
4726;7.112998E+000;9.310560E+005;3.364000E+003;3.884841E+006
4753;7.004988E+000;2.071650E+005;5.904900E+004;3.940225E+006
4781;6.933012E+000;6.650400E+005;5.953600E+004;3.908529E+006
4808;7.044238E+000;6.226440E+005;9.000000E+000;3.786916E+006
4836;6.925943E+000;5.793800E+005;3.481000E+003;3.876961E+006
4864;6.921411E+000;6.353060E+005;1.036840E+005;3.884841E+006
4892;6.759026E+000;-1.911870E+005;9.409000E+003;3.869089E+006
4918;7.011799E+000;2.973120E+005;1.560250E+005;3.825936E+006
4945;6.865138E+000;7.129680E+005;1.339560E+005;3.794704E+006
4974;6.851641E+000;2.104690E+005;1.144900E+004;3.932289E+006
5000;7.028259E+000;8.223600E+005;8.649000E+003;3.825936E+006
5027;7.091848E+000;3.583140E+005;7.507600E+004;3.833764E+006
5055;6.982637E+000;6.972000E+005;1.089000E+003;3.892729E+006
5082;7.028458E+000;1.585980E+005;6.561000E+003;3.818116E+006
5110;6.967057E+000;2.589840E+005;1.115560E+005;3.857296E+006
5137;7.011747E+000;4.140290E+005;4.368100E+004;3.900625E+006
5164;6.993788E+000;-4.880000E+004;6.250000E+002;3.869089E+006
5191;6.846457E+000;4.281520E+005;2.788900E+004;3.841600E+006
5219;6.835609E+000;1.290960E+005;3.648100E+004;3.869089E+006
5246;6.850181E+000;4.178520E+005;4.494400E+004;3.984016E+006
5274;6.783022E+000;3.859050E+005;3.802500E+004;3.924361E+006
5302;6.782120E+000;3.371200E+005;2.958400E+004;3.849444E+006
5330;6.863695E+000;4.848550E+005;2.916000E+003;3.869089E+006
5358;6.925164E+000;-1.183540E+005;2.924100E+004;3.932289E+006
5385;6.865420E+000;2.238960E+005;1.299600E+004;3.841600E+006
5413;7.099390E+000;6.694600E+004;6.969600E+004;3.849444E+006
5439;6.943224E+000;4.416360E+005;5.198400E+004;3.876961E+006
5466;6.859444E+000;2.967040E+005;2.310400E+004;3.869089E+006
5493;7.104939E+000;5.039910E+005;4.284900E+004;3.759721E+006
5520;7.221525E+000;5.071220E+005;7.452900E+004;3.779136E+006
5547;7.000136E+000;4.804360E+005;5.953600E+004;3.892729E+006
5574;7.146539E+000;3.904000E+005;1.681000E+003;3.841600E+006
5601;7.149865E+000;6.912500E+005;2.722500E+004;3.825936E+006
5629;6.972506E+000;4.708800E+005;5.760000E+004;3.948169E+006
5657;7.140762E+000;1.478960E+005;5.776000E+003;3.818116E+006
5685;6.982380E+000;3.935580E+005;4.040100E+004;3.857296E+006
5712;7.046780E+000;5.379000E+005;2.402500E+004;3.900625E+006
5739;7.029347E+000;5.106400E+005;2.500000E+001;3.825936E+006
5766;7.007727E+000;2.249400E+005;1.322500E+004;3.849444E+006
5794;6.986601E+000;4.585350E+005;2.340900E+004;3.841600E+006
5821;6.909111E+000;3.081000E+005;2.433600E+004;3.932289E+006
5848;7.007521E+000;5.513200E+005;7.840000E+004;3.876961E+006
5876;6.880360E+000;6.298320E+005;1.036840E+005;3.900625E+006
5904;7.053953E+000;5.648500E+005;4.000000E+002;3.900625E+006
5932;6.946319E+000;3.823770E+005;9.363600E+004;3.786916E+006
5959;7.157260E+000;6.202350E+005;2.822400E+004;3.825936E+006
5985;6.979661E+000;4.938560E+005;1.036840E+005;3.924361E+006
6012;6.994402E+000;4.005700E+005;4.202500E+004;3.869089E+006
6039;6.945278E+000;1.223204E+006;3.918760E+005;3.818116E+006
6067;7.134304E+000;3.950000E+004;4.000000E+002;3.892729E+006
6096;6.917901E+000;2.632080E+005;1.742400E+004;3.876961E+006
6123;6.770621E+000;4.902960E+005;6.150400E+004;3.849444E+006
6151;6.910506E+000;3.127530E+005;2.528100E+004;3.802500E+006
6179;6.956185E+000;1.667400E+005;3.763600E+004;3.892729E+006
6206;6.684958E+000;1.987000E+005;1.000000E+004;3.869089E+006
6233;6.900594E+000;2.218440E+005;1.317690E+005;3.786916E+006
6260;6.999817E+000;5.655000E+004;8.410000E+002;3.810304E+006
6287;6.819592E+000;-3.440880E+005;9.135536E+007;1.600000E+003
6315;1.982040E+001;3.632031E+006;5.551740E+007;2.430490E+005
6342;2.379179E+001;4.599279E+006;3.799490E+007;5.610010E+005
6370;2.420254E+001;5.084472E+006;3.010717E+007;8.281000E+005
6398;2.290144E+001;5.112453E+006;2.951749E+007;8.667610E+005
6425;2.241459E+001;5.259188E+006;2.885838E+007;9.741690E+005
6453;2.258293E+001;5.063922E+006;2.664624E+007;9.662890E+005
6480;2.196580E+001;5.208268E+006;2.931140E+007;9.101160E+005
6507;2.252372E+001;5.106816E+006;2.338690E+007;1.129969E+006
6533;2.232835E+001;5.138102E+006;2.201486E+007;1.102500E+006
6561;2.171608E+001;5.061420E+006;2.124288E+007;1.218816E+006
6589;2.122222E+001;5.097472E+006;2.365850E+007;1.081600E+006
6617;2.130429E+001;5.019148E+006;2.267664E+007;1.119364E+006
6644;2.136375E+001;4.922619E+006;1.816464E+007;1.214404E+006
6671;2.095748E+001;4.512048E+006;1.981140E+007;1.229881E+006
6699;2.083365E+001;5.006386E+006;1.994516E+007;1.265625E+006
6727;2.112994E+001;4.697636E+006;1.915813E+007;1.234321E+006
6755;2.128618E+001;4.802025E+006;1.990052E+007;1.172889E+006
6782;2.151585E+001;5.041485E+006;2.370716E+007;1.094116E+006
6809;2.156308E+001;5.081076E+006;2.198672E+007;1.214404E+006
6836;2.122443E+001;4.995290E+006;1.857610E+007;1.295044E+006
6863;2.025303E+001;5.036953E+006;1.931602E+007;1.375929E+006
6890;2.038483E+001;4.753134E+006;1.748912E+007;1.317904E+006
6919;2.033605E+001;4.926500E+006;1.743062E+007;1.387684E+006
6947;2.005142E+001;4.894170E+006;1.583244E+007;1.537600E+006
6974;1.940190E+001;4.694300E+006;1.540563E+007;1.452025E+006
7002;1.989810E+001;4.674560E+006;1.350563E+007;1.623076E+006
7030;1.951831E+001;4.454324E+006;1.434894E+007;1.527696E+006
7058;1.963100E+001;4.683992E+006;1.364564E+007;1.570009E+006
7085;1.883369E+001;4.825586E+006;1.598400E+007;1.481089E+006
7112;1.962648E+001;4.826976E+006;1.426573E+007;1.456849E+006
7139;1.959850E+001;4.985824E+006;1.496916E+007;1.366561E+006
7167;2.027627E+001;4.701664E+006;1.682640E+007;1.420864E+006
7194;2.050900E+001;4.930954E+006;1.877489E+007;1.304164E+006
7222;2.089870E+001;4.818407E+006;2.249605E+007;1.238769E+006
7249;2.091888E+001;4.881600E+006;2.585722E+007;9.545290E+005
7277;2.118458E+001;4.788696E+006;2.292494E+007;1.134225E+006
7304;2.154762E+001;4.936171E+006;2.481036E+007;9.920160E+005
7331;2.226605E+001;5.104229E+006;2.554292E+007;9.545290E+005
7358;2.195595E+001;5.073956E+006;2.988809E+007;7.603840E+005
7385;2.261414E+001;4.970830E+006;3.219428E+007;7.867690E+005
7413;2.269008E+001;5.053050E+006;2.829176E+007;9.331560E+005
7440;2.243378E+001;4.966830E+006;3.003040E+007;8.010250E+005
7467;2.263420E+001;5.009634E+006;3.004136E+007;8.208360E+005
7495;2.259291E+001;5.082561E+006;2.727973E+007;9.702250E+005
7522;2.222833E+001;5.143122E+006;2.974612E+007;9.139360E+005
7549;2.266135E+001;4.931914E+006;3.138240E+007;8.172160E+005
7577;2.241899E+001;5.093136E+006;3.019502E+007;8.172160E+005
7604;2.193068E+001;4.867010E+006;3.032705E+007;8.082010E+005
7632;2.263018E+001;4.926600E+006;2.867602E+007;8.118010E+005
7659;2.286234E+001;4.986860E+006;3.433960E+007;7.276090E+005
7686;2.276013E+001;4.757049E+006;3.580826E+007;6.789760E+005
7713;2.314615E+001;4.814160E+006;3.863866E+007;6.288490E+005
7740;2.298545E+001;4.821140E+006;3.760142E+007;5.730490E+005
7767;2.354598E+001;4.433118E+006;3.976564E+007;4.733440E+005
7794;2.357374E+001;4.306762E+006;4.426241E+007;4.502410E+005
7822;2.387097E+001;4.942237E+006;1.649172E+007;1.602756E+006
7849;2.348092E+001;2.351412E+006;1.776889E+006;3.175524E+006
7876;1.217795E+001;4.094808E+006;7.425625E+006;2.119936E+006
7904;1.607514E+001;4.131987E+006;1.124932E+007;1.830609E+006
7930;1.496018E+001;2.525924E+006;1.442401E+006;3.111696E+006
7958;1.285525E+001;5.997400E+005;9.859600E+004;3.705625E+006
7985;9.497769E+000;6.428660E+005;1.082410E+005;3.802500E+006
8012;9.497769E+000;-6.259200E+004;6.502500E+004;3.767481E+006
8039;6.971207E+000;3.969750E+005;4.040100E+004;3.857296E+006
8067;6.847129E+000;3.617910E+005;3.348900E+004;3.892729E+006
8096;6.738519E+000;2.550600E+004;3.027600E+004;3.818116E+006
8122;6.955001E+000;2.973190E+005;2.280100E+004;3.924361E+006
8150;6.812437E+000;-2.749500E+005;1.988100E+004;3.908529E+006
8177;6.773632E+000;4.349400E+005;4.840000E+004;3.833764E+006
8204;6.972631E+000;1.850860E+005;8.836000E+003;3.876961E+006
8232;6.898193E+000;2.989620E+005;1.772410E+005;3.841600E+006
8259;6.952137E+000;2.344800E+004;1.440000E+002;3.825936E+006
8287;6.983576E+000;2.759400E+005;1.960000E+004;3.900625E+006
8314;6.889203E+000;4.405500E+005;5.017600E+004;3.810304E+006
8342;6.950619E+000;6.356880E+005;1.049760E+005;3.825936E+006
8370;6.909068E+000;-1.262720E+005;6.502500E+004;3.857296E+006
8397;6.852576E+000;1.860260E+005;8.836000E+003;3.900625E+006
8425;6.821597E+000;4.230780E+005;4.579600E+004;3.876961E+006
8453;6.752534E+000;3.965730E+005;4.040100E+004;3.884841E+006
8480;6.861729E+000;6.912500E+005;3.249000E+003;3.900625E+006
8507;6.823418E+000;1.112720E+005;6.150400E+004;3.916441E+006
8534;6.706947E+000;5.854140E+005;8.584900E+004;3.948169E+006
8562;6.886834E+000;5.096000E+005;6.760000E+004;3.833764E+006
8590;6.801585E+000;1.573600E+005;6.400000E+003;3.810304E+006
8617;6.884194E+000;5.722560E+005;8.294400E+004;3.908529E+006
8645;6.860097E+000;1.876250E+005;9.025000E+003;3.810304E+006
8672;6.793766E+000;2.687940E+005;5.522500E+004;3.849444E+006
8699;6.929121E+000;6.038800E+005;2.190400E+004;3.825936E+006
8727;6.893645E+000;1.073600E+005;3.025000E+003;3.892729E+006
8753;6.957158E+000;5.892000E+004;9.000000E+002;3.884841E+006
8781;7.039258E+000;3.186190E+005;3.763600E+004;3.810304E+006
8808;6.978061E+000;9.647470E+005;2.025000E+003;3.825936E+006
8835;6.952981E+000;5.992640E+005;7.056000E+003;3.833764E+006
8863;7.156370E+000;-1.240470E+005;6.350400E+004;3.810304E+006
8891;6.795105E+000;4.419520E+005;5.017600E+004;3.900625E+006
8919;6.782700E+000;6.035950E+005;9.302500E+004;3.916441E+006
8947;6.989175E+000;4.819282E+006;7.612562E+007;9.302500E+004
8974;1.677597E+001;3.169530E+006;6.124628E+007;1.576090E+005
9001;2.237383E+001;4.294622E+006;4.699102E+007;3.733210E+005
9029;2.409031E+001;4.476202E+006;3.459792E+007;5.791210E+005
9055;2.337900E+001;5.039712E+006;3.053668E+007;8.630410E+005
9082;2.274010E+001;5.070912E+006;3.011814E+007;8.817210E+005
9110;2.265501E+001;4.488561E+006;2.290580E+007;1.094116E+006
9137;2.141344E+001;5.067084E+006;2.336756E+007;9.820810E+005
9165;2.205879E+001;5.033600E+006;2.088490E+007;1.256641E+006
9191;2.097885E+001;5.089201E+006;1.989160E+007;1.247689E+006
9219;2.061466E+001;4.839796E+006;1.935120E+007;1.357225E+006
9245;2.093698E+001;4.814695E+006;1.734722E+007;1.243225E+006
9272;2.009464E+001;4.552795E+006;1.607208E+007;1.329409E+006
9299;2.037488E+001;4.918551E+006;1.565785E+007;1.517824E+006
9327;1.936512E+001;4.571770E+006;1.439444E+007;1.466521E+006
9354;2.009223E+001;4.513962E+006;1.483020E+007;1.575025E+006
9382;1.943952E+001;4.446288E+006;1.302488E+007;1.522756E+006
9409;1.978168E+001;4.900896E+006;1.582448E+007;1.476225E+006
9437;1.954736E+001;4.721520E+006;1.459240E+007;1.527696E+006
9464;1.986140E+001;4.749648E+006;1.503113E+007;1.527696E+006
9491;1.959414E+001;4.683624E+006;1.525684E+007;1.498176E+006
9519;1.957231E+001;4.561442E+006;1.258121E+007;1.617984E+006
9546;1.892500E+001;5.091274E+006;1.567368E+007;1.677025E+006
9573;1.950576E+001;4.396320E+006;1.183360E+007;1.607824E+006
9600;1.861886E+001;4.804254E+006;1.447803E+007;1.638400E+006
9628;1.955920E+001;4.445210E+006;1.278778E+007;1.550025E+006
9654;1.885786E+001;4.718605E+006;1.335903E+007;1.607824E+006
9681;1.921620E+001;4.748766E+006;1.385328E+007;1.643524E+006
9709;1.847721E+001;4.707428E+006;1.330790E+007;1.703025E+006
9737;1.932394E+001;4.503389E+006;1.361610E+007;1.565001E+006
9763;1.882158E+001;4.408765E+006;1.265936E+007;1.726596E+006
9790;1.935742E+001;4.897665E+006;1.532723E+007;1.580049E+006
9818;1.893654E+001;4.718382E+006;1.369740E+007;1.565001E+006
9845;1.879331E+001;4.791447E+006;1.703213E+007;1.371241E+006
9873;2.022352E+001;4.800600E+006;1.211040E+007;1.633284E+006
9900;1.964707E+001;4.874360E+006;1.842985E+007;1.352569E+006
9928;2.061757E+001;4.285168E+006;1.435652E+007;1.452025E+006
9956;2.024859E+001;4.658472E+006;1.687566E+007;1.285956E+006
9984;2.083494E+001;4.911354E+006;1.920192E+007;1.317904E+006
10011;2.047642E+001;5.109594E+006;2.225952E+007;1.172889E+006
10039;2.144713E+001;5.049765E+006;2.164110E+007;1.110916E+006
10066;2.129063E+001;4.790630E+006;3.278708E+007;7.039210E+005
10094;2.300593E+001;4.583635E+006;3.885029E+007;5.640010E+005
10122;2.315480E+001;4.513795E+006;3.985397E+007;5.112250E+005
10149;2.355084E+001;4.526566E+006;4.550852E+007;4.502410E+005
10176;2.422082E+001;4.390200E+006;4.230202E+007;4.251040E+005
10204;2.392798E+001;4.637520E+006;4.678560E+007;4.761000E+005
10231;2.377102E+001;4.586016E+006;3.901252E+007;5.112250E+005
10259;2.359147E+001;4.800720E+006;2.480040E+007;1.000000E+006
10286;2.413320E+001;2.331576E+006;1.610361E+006;2.979076E+006
10314;2.018164E+001;4.483800E+005;3.969000E+005;3.648100E+006
10341;7.558206E+000;5.699840E+005;5.760000E+004;3.794704E+006
10369;7.558206E+000;3.449620E+005;1.960000E+002;3.876961E+006
10396;6.681680E+000;1.184010E+005;2.034010E+005;3.697929E+006
10424;6.852991E+000;1.228032E+006;5.140890E+005;3.411409E+006
10452;9.304034E+000;1.766684E+006;1.347921E+006;3.154176E+006
10479;1.022162E+001;2.752750E+005;2.044900E+004;3.736489E+006
10506;7.832448E+000;1.581120E+005;1.056250E+005;3.779136E+006
10533;7.135037E+000;-6.461400E+004;6.100900E+004;3.841600E+006
10561;6.949618E+000;-8.295000E+004;3.348900E+004;3.884841E+006
10588;6.635014E+000;4.512120E+005;5.198400E+004;3.916441E+006
10615;6.767035E+000;-3.594120E+005;3.348900E+004;3.884841E+006
10643;6.855107E+000;1.438830E+005;2.340900E+004;3.818116E+006
10669;6.951241E+000;3.585610E+005;4.000000E+002;3.857296E+006
10696;6.783443E+000;3.158820E+005;3.648100E+004;3.992004E+006
10724;6.874929E+000;4.178520E+005;2.310400E+004;3.900625E+006
10752;6.897447E+000;-5.343300E+004;6.400900E+004;3.876961E+006
10779;6.880020E+000;3.954000E+004;5.290000E+004;3.869089E+006
10806;6.760045E+000;4.355640E+005;6.051600E+004;3.900625E+006
10834;6.683513E+000;-8.458100E+004;1.246090E+005;3.900625E+006
10861;6.767177E+000;2.135160E+005;1.166400E+004;3.908529E+006
10889;6.781996E+000;2.920040E+005;2.190400E+004;3.908529E+006
10917;6.671821E+000;3.795840E+005;4.356000E+003;3.857296E+006
10945;6.941424E+000;4.434750E+005;7.569000E+003;3.825936E+006
10972;6.864755E+000;2.045680E+005;1.081600E+004;3.841600E+006
11000;7.047459E+000;4.947500E+005;6.250000E+004;3.916441E+006
11028;6.963157E+000;3.307920E+005;2.822400E+004;3.924361E+006
11055;6.664590E+000;6.370040E+005;5.041000E+003;3.779136E+006
11082;7.068755E+000;4.458980E+005;5.107600E+004;3.876961E+006
11110;6.940773E+000;2.902520E+005;2.220100E+004;3.841600E+006
11138;6.932379E+000;5.153280E+005;7.896100E+004;3.810304E+006
11166;6.889705E+000;-3.074760E+005;3.097600E+004;3.876961E+006
11193;7.007725E+000;1.139120E+005;1.024000E+005;3.892729E+006
11221;6.902871E+000;-1.672704E+006;9.032602E+007;3.027600E+004
11248;1.119238E+001;1.402132E+006;7.199522E+007;3.610000E+004
11275;1.870007E+001;3.880836E+006;5.656544E+007;2.714410E+005
11303;2.406449E+001;4.622660E+006;3.881290E+007;5.416960E+005
11330;2.432064E+001;4.627250E+006;3.439822E+007;6.922240E+005
11357;2.307658E+001;4.828166E+006;2.774129E+007;8.667610E+005
11384;2.273599E+001;4.952640E+006;2.661528E+007;9.177640E+005
11411;2.235191E+001;5.050120E+006;2.520040E+007;1.042441E+006
11439;2.217850E+001;4.828490E+006;1.825853E+007;1.261129E+006
11467;2.074554E+001;5.088321E+006;2.257200E+007;1.129969E+006
11494;2.086000E+001;4.799914E+006;1.628930E+007;1.317904E+006
11522;2.025005E+001;5.141850E+006;2.398061E+007;1.102500E+006
11550;2.151485E+001;4.722180E+006;1.865376E+007;1.256641E+006
11577;2.115132E+001;4.675088E+006;1.937760E+007;1.252161E+006
11604;2.085982E+001;5.175504E+006;2.090318E+007;1.295044E+006
11631;2.096231E+001;4.886268E+006;1.993622E+007;1.196836E+006
11659;2.105314E+001;4.921004E+006;2.127054E+007;1.142761E+006
11686;2.089451E+001;4.855744E+006;1.991837E+007;1.172889E+006
11712;2.115444E+001;5.015589E+006;2.168765E+007;1.164241E+006
11739;2.172670E+001;4.889108E+006;2.069340E+007;1.276900E+006
11766;2.115647E+001;4.723972E+006;2.376562E+007;1.115136E+006
11794;2.115473E+001;5.094758E+006;2.168765E+007;1.229881E+006
11821;2.136008E+001;4.723680E+006;2.410810E+007;1.075369E+006
11849;2.138029E+001;4.896884E+006;2.245812E+007;1.110916E+006
11875;2.110676E+001;4.879277E+006;2.326133E+007;1.067089E+006
11903;2.138981E+001;5.113030E+006;2.313610E+007;1.134225E+006
11930;2.132108E+001;5.125798E+006;2.067521E+007;1.210000E+006
11957;2.042990E+001;4.945878E+006;2.249605E+007;1.119364E+006
11986;2.096892E+001;4.803630E+006;1.807100E+007;1.276900E+006
12013;2.123882E+001;5.064616E+006;2.193049E+007;1.201216E+006
12040;2.119298E+001;4.705370E+006;1.684282E+007;1.270129E+006
12068;2.124799E+001;5.059815E+006;2.244864E+007;1.164241E+006
12096;2.045154E+001;5.015986E+006;2.093978E+007;1.123600E+006
12123;2.124025E+001;4.661460E+006;1.993622E+007;1.110916E+006
12150;2.078662E+001;4.661880E+006;1.934240E+007;1.134225E+006
12178;2.130609E+001;5.073120E+006;2.379488E+007;1.046529E+006
12206;2.137197E+001;5.028048E+006;2.506004E+007;1.028196E+006
12233;2.176353E+001;4.964479E+006;2.093978E+007;1.159929E+006
12261;2.144082E+001;5.223944E+006;2.315534E+007;1.004004E+006
12288;2.182151E+001;4.850682E+006;2.435422E+007;9.860490E+005
12315;2.255142E+001;4.999878E+006;2.896592E+007;8.779690E+005
12342;2.187820E+001;4.881642E+006;3.177577E+007;7.430440E+005
12370;2.299119E+001;5.020605E+006;3.197902E+007;7.569000E+005
12397;2.245749E+001;4.811485E+006;3.572453E+007;6.084000E+005
12425;2.350724E+001;4.608648E+006;3.850202E+007;5.640010E+005
12453;2.391658E+001;4.570398E+006;3.751562E+007;6.177960E+005
12481;2.370084E+001;4.835376E+006;1.774094E+007;1.387684E+006
12508;2.319549E+001;2.420315E+006;1.923769E+006;3.073009E+006
12535;1.200231E+001;9.249030E+005;2.275290E+005;3.671056E+006
12562;8.972027E+000;7.396000E+005;5.299840E+005;3.511876E+006
12589;9.071170E+000;4.155532E+006;9.012004E+006;2.036329E+006
12617;1.520255E+001;2.077760E+006;2.656900E+006;3.080025E+006
12644;1.509130E+001;1.513160E+006;6.988960E+005;3.276100E+006
12672;1.051438E+001;6.616400E+005;1.459240E+005;3.786916E+006
12700;8.226585E+000;5.854420E+005;8.940100E+004;3.825936E+006
12727;7.275870E+000;4.184130E+005;1.764000E+003;3.869089E+006
12755;6.765439E+000;3.795840E+005;5.522500E+004;3.825936E+006
12783;6.735632E+000;2.948710E+005;3.534400E+004;3.857296E+006
12810;6.900291E+000;1.767600E+005;4.452100E+004;3.892729E+006
12837;6.810495E+000;3.578370E+005;2.310400E+004;3.857296E+006
12865;6.876271E+000;2.552910E+005;2.624400E+004;3.924361E+006
12893;6.705335E+000;5.330570E+005;4.356000E+003;3.849444E+006
12920;7.043795E+000;2.793140E+005;2.102500E+004;3.833764E+006
12948;6.782188E+000;8.248800E+004;9.120400E+004;3.876961E+006
12974;6.800323E+000;3.652680E+005;2.131600E+004;3.884841E+006
13002;6.827948E+000;1.965150E+005;9.801000E+003;3.884841E+006
13029;6.802318E+000;4.131930E+005;1.089000E+003;3.841600E+006
13057;6.708142E+000;4.492330E+005;3.348900E+004;3.810304E+006
13084;6.780084E+000;5.588800E+004;3.496900E+004;3.892729E+006
13112;6.941777E+000;4.399790E+005;4.972900E+004;3.924361E+006
13139;6.833977E+000;2.897370E+005;2.160900E+004;3.825936E+006
13166;6.793131E+000;2.655450E+005;4.536900E+004;3.916441E+006
13193;6.916791E+000;2.891920E+005;2.755600E+004;3.849444E+006
13221;6.877802E+000;3.935580E+005;4.040100E+004;3.876961E+006
13249;6.823317E+000;8.311800E+004;1.764000E+003;3.884841E+006
13276;6.720748E+000;5.891460E+005;2.131600E+004;3.833764E+006
13303;7.035258E+000;1.557090E+005;2.528100E+004;3.857296E+006
13331;6.908221E+000;5.484940E+005;7.728400E+004;3.818116E+006
13359;6.936863E+000;3.807890E+005;8.100000E+001;3.786916E+006
13386;8.323055E+000;-1.697196E+006;9.514051E+007;3.572100E+004
13413;1.786976E+001;5.164200E+004;7.408045E+007;8.410000E+002
13441;1.661068E+001;1.631160E+006;7.680770E+007;4.080400E+004
13468;2.413626E+001;3.567078E+006;5.983022E+007;2.097640E+005
13495;2.461019E+001;4.293479E+006;4.143497E+007;4.556250E+005
13522;2.412812E+001;4.512300E+006;3.813062E+007;5.990760E+005
13549;2.322764E+001;4.954720E+006;3.099149E+007;8.208360E+005
13577;2.274807E+001;5.073614E+006;3.081360E+007;8.353960E+005
13604;2.248436E+001;4.623015E+006;2.818548E+007;8.593290E+005
13632;2.254662E+001;5.032530E+006;2.082097E+007;1.183744E+006
13659;2.114511E+001;5.101350E+006;2.294410E+007;1.129969E+006
13686;2.064284E+001;4.878785E+006;1.759802E+007;1.357225E+006
13713;2.089297E+001;4.900686E+006;1.897474E+007;1.234321E+006
13741;2.108465E+001;5.002760E+006;1.767362E+007;1.411344E+006
13768;2.101929E+001;5.000292E+006;1.748912E+007;1.430416E+006
13795;2.010254E+001;4.853688E+006;1.629737E+007;1.456849E+006
13823;2.057239E+001;4.802707E+006;1.738056E+007;1.371241E+006
13851;1.986325E+001;4.636533E+006;1.551572E+007;1.452025E+006
13878;2.042531E+001;4.967457E+006;1.633776E+007;1.425636E+006
13906;1.955187E+001;4.792200E+006;1.660563E+007;1.371241E+006
13933;2.046870E+001;5.005071E+006;1.899216E+007;1.347921E+006
13961;2.049863E+001;4.746314E+006;1.900088E+007;1.234321E+006
13988;2.031713E+001;4.918005E+006;1.941284E+007;1.214404E+006
14016;2.123660E+001;5.090461E+006;2.088490E+007;1.243225E+006
14043;2.085644E+001;4.924920E+006;1.853302E+007;1.281424E+006
14070;2.048109E+001;4.933654E+006;2.114160E+007;1.164241E+006
14097;2.115504E+001;4.860447E+006;1.637821E+007;1.406596E+006
14125;2.055180E+001;4.875296E+006;1.807950E+007;1.361889E+006
14153;2.041908E+001;4.855308E+006;1.503113E+007;1.471369E+006
14180;2.035323E+001;4.716936E+006;1.608812E+007;1.401856E+006
14207;2.037609E+001;4.890342E+006;1.469189E+007;1.590121E+006
14235;1.958711E+001;4.669629E+006;1.472257E+007;1.481089E+006
14263;2.028229E+001;4.584996E+006;1.305377E+007;1.677025E+006
14290;1.928837E+001;5.032048E+006;1.612826E+007;1.607824E+006
14318;1.987898E+001;4.526820E+006;1.324232E+007;1.595169E+006
14346;1.972956E+001;5.160102E+006;1.610417E+007;1.471369E+006
14373;1.986151E+001;4.895388E+006;1.535072E+007;1.537600E+006
14401;1.972256E+001;4.723177E+006;1.519440E+007;1.476225E+006
14429;1.978068E+001;4.437378E+006;1.140413E+007;1.703025E+006
14456;1.998382E+001;4.756128E+006;1.489960E+007;1.411344E+006
14484;1.948253E+001;4.981969E+006;1.489188E+007;1.612900E+006
14511;1.970927E+001;5.000601E+006;1.514766E+007;1.442401E+006
14539;1.990678E+001;4.565424E+006;1.268072E+007;1.545049E+006
14566;2.027140E+001;5.090274E+006;1.982921E+007;1.295044E+006
14593;1.988402E+001;4.473604E+006;1.327145E+007;1.522756E+006
14619;2.017385E+001;4.701614E+006;1.694969E+007;1.304164E+006
14647;2.047928E+001;4.930176E+006;1.633776E+007;1.406596E+006
14675;2.062755E+001;4.986885E+006;1.867104E+007;1.155625E+006
14702;2.155219E+001;4.989856E+006;1.644303E+007;1.281424E+006
14730;2.155219E+001;4.849950E+006;2.133516E+007;1.115136E+006
14757;2.166166E+001;4.974508E+006;2.279108E+007;1.098304E+006
14784;2.170500E+001;4.950880E+006;2.620416E+007;9.139360E+005
14811;2.183062E+001;4.779712E+006;3.075812E+007;8.208360E+005
14839;2.258288E+001;4.946035E+006;2.751002E+007;8.500840E+005
14866;2.249422E+001;5.076789E+006;3.515304E+007;7.208010E+005
14893;2.241426E+001;4.677127E+006;4.249736E+007;5.476000E+005
14920;2.370846E+001;4.449528E+006;4.087045E+007;4.844160E+005
14948;2.386120E+001;4.422136E+006;5.103674E+007;3.931290E+005
14975;2.378187E+001;3.955419E+006;5.548760E+007;2.959360E+005
15003;2.410914E+001;3.567532E+006;6.110549E+007;2.134440E+005
15031;2.417356E+001;3.239917E+006;6.326612E+007;1.681000E+005
15058;2.409952E+001;2.846595E+006;6.807900E+007;1.190250E+005
15085;2.413859E+001;3.133152E+006;5.727462E+007;1.927210E+005
15113;2.398726E+001;3.132927E+006;2.856100E+006;2.442969E+006
15139;1.786199E+001;1.248681E+006;5.461210E+005;3.511876E+006
15167;8.909699E+000;2.108160E+005;1.166400E+004;3.833764E+006
15194;7.705838E+000;1.190720E+005;6.760000E+004;3.841600E+006
15222;7.099133E+000;5.345340E+005;7.452900E+004;3.892729E+006
15249;7.326612E+000;1.573499E+006;7.242010E+005;3.396649E+006
15276;9.577538E+000;5.128500E+005;6.916900E+004;3.818116E+006
15303;8.160913E+000;3.904380E+005;1.690000E+004;3.841600E+006
15330;6.833966E+000;4.689180E+005;5.712100E+004;3.841600E+006
15358;6.940778E+000;4.202960E+005;1.000000E+002;3.869089E+006
15386;6.753584E+000;4.472540E+005;5.107600E+004;3.908529E+006
15413;6.810655E+000;1.953270E+005;7.290000E+004;3.948169E+006
15441;6.735876E+000;4.068480E+005;1.239040E+005;3.908529E+006
15468;6.803092E+000;3.394260E+005;7.452900E+004;3.876961E+006
15496;6.800138E+000;2.959500E+005;1.368900E+004;3.948169E+006
15524;6.854363E+000;3.186540E+005;2.624400E+004;3.976036E+006
15551;6.886353E+000;2.946000E+005;2.250000E+004;3.849444E+006
15578;6.822954E+000;1.285050E+005;3.062500E+004;3.869089E+006
15605;6.901940E+000;-8.793000E+004;2.025000E+003;3.932289E+006
15633;6.796141E+000;4.355910E+005;6.553600E+004;3.869089E+006
15659;6.795745E+000;3.705480E+005;2.340900E+004;3.876961E+006
15686;6.731687E+000;1.996000E+003;5.062500E+004;3.884841E+006
15714;6.919576E+000;5.526990E+005;1.144900E+004;3.876961E+006
15741;6.767229E+000;-7.266800E+004;4.161600E+004;3.857296E+006
15768;6.829896E+000;5.135000E+005;6.760000E+004;3.849444E+006
15796;6.814839E+000;4.128240E+005;4.243600E+004;3.932289E+006
15824;6.942035E+000;4.193970E+005;4.536900E+004;3.857296E+006
15851;6.698740E+000;-6.448200E+004;1.260250E+005;3.786916E+006
15878;6.761510E+000;2.884140E+005;1.276900E+004;3.916441E+006
15905;6.780944E+000;8.428000E+004;1.849000E+003;3.900625E+006
15933;6.853656E+000;4.163680E+005;1.406250E+005;3.825936E+006
15960;6.810734E+000;3.678290E+005;3.496900E+004;3.869089E+006
15988;6.930344E+000;4.963860E+005;6.400900E+004;3.900625E+006
16015;6.945197E+000;2.934000E+005;1.210000E+002;3.932289E+006
16042;7.013386E+000;-6.822720E+005;8.979458E+007;3.721000E+003
16070;1.877780E+001;6.731200E+004;7.230101E+007;1.681000E+003
16098;1.869672E+001;4.895000E+006;2.396102E+007;1.094116E+006
16126;2.458093E+001;2.558102E+006;1.885129E+006;2.992900E+006
16153;1.174306E+001;1.138360E+006;1.722250E+005;3.610000E+006
16181;8.911361E+000;6.038690E+005;9.424900E+004;3.779136E+006
16208;7.285984E+000;4.677612E+006;1.925454E+007;1.281424E+006
16236;1.319627E+001;2.734236E+006;7.174090E+007;1.204090E+005
16264;2.220493E+001;3.580046E+006;5.586068E+007;2.227840E+005
16290;2.445134E+001;4.360960E+006;4.643060E+007;4.316490E+005
16318;2.434454E+001;4.761966E+006;3.936308E+007;5.505640E+005
16344;2.367641E+001;4.862016E+006;3.448038E+007;6.855840E+005
16372;2.331381E+001;4.968918E+006;2.461152E+007;1.008016E+006
16399;2.210230E+001;5.069883E+006;2.427533E+007;1.058841E+006
16427;2.197936E+001;4.910850E+006;2.187433E+007;1.098304E+006
16455;2.149739E+001;5.159412E+006;2.228784E+007;1.138489E+006
16482;2.076174E+001;4.940250E+006;2.331924E+007;1.110916E+006
16510;2.072103E+001;5.000554E+006;1.867968E+007;1.299600E+006
16538;2.092709E+001;4.702050E+006;2.271476E+007;1.168561E+006
16565;2.080253E+001;5.083374E+006;1.923700E+007;1.334025E+006
16592;2.098121E+001;5.157776E+006;2.290580E+007;1.210000E+006
16620;2.107234E+001;4.461656E+006;1.401005E+007;1.416100E+006
16647;2.090287E+001;4.884197E+006;1.898345E+007;1.285956E+006
16675;2.083380E+001;4.942080E+006;1.790136E+007;1.299600E+006
16703;2.091774E+001;4.763250E+006;1.792676E+007;1.238769E+006
16730;2.028165E+001;4.842200E+006;2.201486E+007;1.192464E+006
16758;2.058047E+001;4.767625E+006;1.943046E+007;1.172889E+006
16785;2.104581E+001;4.841330E+006;1.706516E+007;1.247689E+006
16813;2.165878E+001;4.878592E+006;2.052996E+007;1.256641E+006
16841;2.048125E+001;4.898195E+006;1.929845E+007;1.256641E+006
16868;2.070815E+001;4.887168E+006;1.824998E+007;1.290496E+006
16895;2.057481E+001;5.082614E+006;2.055716E+007;1.256641E+006
16922;2.096441E+001;4.828656E+006;1.649984E+007;1.382976E+006
16950;2.050739E+001;4.648350E+006;1.869698E+007;1.366561E+006
16978;2.099671E+001;4.455184E+006;1.316238E+007;1.452025E+006
17005;2.063103E+001;4.948489E+006;1.943928E+007;1.322500E+006
17033;2.083804E+001;4.362336E+006;1.538993E+007;1.522756E+006
17060;2.006984E+001;4.871360E+006;1.819876E+007;1.371241E+006
17087;2.043078E+001;4.301298E+006;1.470723E+007;1.555009E+006
17115;1.980096E+001;4.721766E+006;1.737222E+007;1.382976E+006
17142;2.068491E+001;4.545651E+006;1.503888E+007;1.522756E+006
17169;1.986646E+001;4.557690E+006;1.604003E+007;1.299600E+006
17197;2.036651E+001;4.542426E+006;1.637821E+007;1.452025E+006
17224;2.066056E+001;5.017450E+006;1.907069E+007;1.329409E+006
17252;1.980754E+001;4.944384E+006;1.559460E+007;1.425636E+006
17278;2.024709E+001;5.042258E+006;2.023200E+007;1.256641E+006
17305;1.988910E+001;4.784208E+006;1.900088E+007;1.334025E+006
17333;2.059855E+001;5.074837E+006;2.091233E+007;1.229881E+006
17360;2.063279E+001;4.760000E+006;1.914062E+007;1.164241E+006
17388;2.133861E+001;5.025408E+006;2.033108E+007;1.214404E+006
17415;2.050002E+001;4.869606E+006;2.541168E+007;8.930250E+005
17442;2.204870E+001;5.103435E+006;3.546202E+007;7.005690E+005
17469;2.225416E+001;3.741828E+006;5.700250E+007;2.371690E+005
17496;2.371684E+001;2.713768E+006;6.681428E+007;9.922500E+004
17525;2.417310E+001;1.653106E+006;8.302854E+007;2.722500E+004
17552;2.356472E+001;7.346330E+005;7.938810E+007;6.889000E+003
17580;2.356472E+001;1.045629E+006;7.988784E+007;1.464100E+004
17607;2.225060E+001;1.105278E+006;8.109002E+007;1.512900E+004
17635;2.263311E+001;1.370400E+006;8.346650E+007;2.190400E+004
17662;2.287216E+001;1.513855E+006;8.217422E+007;2.924100E+004
17689;2.291923E+001;2.318314E+006;7.349633E+007;8.065600E+004
17716;2.420002E+001;3.908823E+006;5.298384E+007;3.398890E+005
17744;2.451648E+001;3.378057E+006;4.635409E+006;2.534464E+006
17772;1.394985E+001;1.033200E+006;6.384010E+005;3.553225E+006
17799;9.799129E+000;2.736340E+005;2.016400E+004;3.713329E+006
17826;7.397628E+000;4.567680E+005;1.123600E+004;3.825936E+006
17854;7.098866E+000;4.754930E+005;3.960100E+004;3.908529E+006
17881;6.852878E+000;6.898500E+005;1.089000E+003;3.833764E+006
17908;6.988363E+000;1.296240E+005;4.356000E+003;3.794704E+006
17935;6.889922E+000;3.862950E+005;2.496400E+004;3.884841E+006
17963;6.969630E+000;2.335320E+005;7.617600E+004;3.940225E+006
17991;6.906544E+000;3.449600E+005;1.488400E+004;3.841600E+006
18018;6.916166E+000;4.927500E+005;6.250000E+004;3.825936E+006
18046;6.881862E+000;5.931000E+005;4.225000E+003;3.884841E+006
18072;6.760345E+000;3.456640E+005;1.849600E+004;3.924361E+006
18100;6.873599E+000;4.336020E+005;1.144900E+004;3.833764E+006
18128;6.850436E+000;4.375260E+005;4.972900E+004;3.849444E+006
18155;6.723246E+000;-2.835690E+005;2.044900E+004;3.876961E+006
18182;6.656000E+000;4.566870E+005;5.336100E+004;3.908529E+006
18210;6.712983E+000;5.115250E+005;6.400000E+003;3.960100E+006
18237;6.612660E+000;5.873580E+005;1.210000E+002;3.779136E+006
18265;6.763694E+000;3.665280E+005;3.385600E+004;3.892729E+006
18293;6.875068E+000;5.040640E+005;6.553600E+004;3.884841E+006
18319;6.758278E+000;3.051950E+005;2.496400E+004;3.876961E+006
18347;6.691415E+000;5.076480E+005;2.500000E+001;3.932289E+006
18374;6.850236E+000;-1.764000E+004;6.604900E+004;3.849444E+006
18402;6.571577E+000;1.601370E+005;3.960100E+004;3.892729E+006
18430;6.009717E+000;9.780000E+004;1.030410E+005;3.833764E+006
18459;6.844743E+000;4.458280E+005;5.152900E+004;3.900625E+006
18486;6.844743E+000;9.232960E+005;6.938890E+005;3.759721E+006
18514;1.040621E+001;2.499084E+006;7.888992E+007;7.952400E+004
18541;2.375340E+001;2.939172E+006;6.242580E+007;1.608010E+005
18569;2.451481E+001;4.872084E+006;3.150577E+007;7.744000E+005
18596;2.382756E+001;4.574856E+006;1.124932E+007;1.726596E+006
18624;2.125946E+001;4.390933E+006;4.079377E+007;5.055210E+005
18651;2.400162E+001;4.619186E+006;1.965149E+007;1.123600E+006
18679;2.191076E+001;4.594555E+006;1.668723E+007;1.555009E+006
18707;2.123433E+001;5.024145E+006;3.222833E+007;8.208360E+005
18735;2.284998E+001;3.829252E+006;8.363664E+006;1.951609E+006
18762;1.992988E+001;5.162658E+006;1.694969E+007;1.371241E+006
18788;1.693617E+001;5.280640E+006;1.989160E+007;1.308736E+006
18815;1.907740E+001;2.392880E+006;7.303411E+007;7.617600E+004
18843;2.411038E+001;2.815545E+006;6.515718E+007;1.190250E+005
18870;2.473936E+001;4.353024E+006;4.430234E+007;4.705960E+005
18898;2.450795E+001;4.436912E+006;4.632164E+007;4.651240E+005
18925;2.349138E+001;4.098976E+006;4.219802E+007;4.096000E+005
18953;2.384459E+001;4.776200E+006;4.462240E+007;5.241760E+005
18979;2.403110E+001;4.680286E+006;3.483360E+007;6.115240E+005
19007;2.411364E+001;4.813985E+006;3.689348E+007;6.922240E+005
19035;2.327491E+001;5.001040E+006;2.937640E+007;7.569000E+005
19062;2.268701E+001;4.672080E+006;3.509378E+007;7.464960E+005
19090;2.278103E+001;4.911246E+006;3.093584E+007;7.903210E+005
19117;2.328741E+001;4.836780E+006;2.570490E+007;9.139360E+005
19145;2.222159E+001;5.079252E+006;2.764656E+007;8.593290E+005
19172;2.262380E+001;5.189486E+006;2.934389E+007;9.139360E+005
19200;2.274998E+001;4.984332E+006;3.047040E+007;8.118010E+005
19227;2.271797E+001;5.113440E+006;2.649161E+007;8.892490E+005
19255;2.291805E+001;5.207496E+006;2.864390E+007;9.292960E+005
19282;2.263513E+001;4.937042E+006;3.222833E+007;8.172160E+005
19310;2.258834E+001;4.807770E+006;2.887988E+007;8.817210E+005
19337;2.237155E+001;5.122552E+006;2.566436E+007;9.920160E+005
19365;2.219345E+001;5.133380E+006;2.581656E+007;9.292960E+005
19392;2.227112E+001;4.798384E+006;2.311686E+007;1.004004E+006
19419;2.213005E+001;5.067756E+006;2.831304E+007;8.968090E+005
19446;2.203578E+001;5.008432E+006;2.506004E+007;9.506250E+005
19473;2.268950E+001;5.121585E+006;2.312648E+007;1.129969E+006
19501;2.158032E+001;4.948564E+006;2.412774E+007;1.050625E+006
19528;2.189704E+001;5.029677E+006;1.974914E+007;1.085764E+006
19557;2.155138E+001;4.792752E+006;2.655341E+007;9.781210E+005
19585;2.126867E+001;5.229576E+006;2.613254E+007;1.028196E+006
19612;2.188919E+001;4.679948E+006;2.422608E+007;9.741690E+005
19639;2.158037E+001;4.833046E+006;2.696725E+007;8.500840E+005
19666;2.242979E+001;5.082248E+006;2.562384E+007;1.000000E+006
19694;2.257349E+001;5.055216E+006;2.773076E+007;9.063040E+005
19722;2.237973E+001;4.806368E+006;2.319386E+007;9.702250E+005
19749;2.282378E+001;4.830068E+006;2.982252E+007;8.082010E+005
19775;2.213804E+001;5.021380E+006;3.291317E+007;7.673760E+005
19803;2.321931E+001;4.969410E+006;3.147210E+007;8.630410E+005
19830;2.315675E+001;4.908210E+006;3.075812E+007;7.832250E+005
19858;2.328140E+001;4.821976E+006;3.016206E+007;7.708840E+005
19884;2.298693E+001;4.894935E+006;3.059196E+007;8.172160E+005
19912;2.295395E+001;4.886678E+006;3.134880E+007;7.464960E+005
19939;2.305000E+001;5.001260E+006;3.019502E+007;7.796890E+005
20194;2.377644E+001;3.868928E+006;5.800346E+007;2.410810E+005
20222;2.438930E+001;2.721600E+006;7.079539E+007;1.089000E+005
20250;2.399878E+001;2.144388E+006;7.416654E+007;5.856400E+004
20277;2.442908E+001;2.502892E+006;7.454595E+007;8.179600E+004
20304;2.423433E+001;3.185316E+006;5.228736E+007;1.944810E+005
20332;2.481393E+001;3.023381E+006;3.972049E+006;2.377764E+006
20359;1.800762E+001;8.992710E+005;5.975290E+005;3.374569E+006
20385;1.149059E+001;8.036980E+005;1.705690E+005;3.721041E+006
20413;8.891659E+000;5.879540E+005;8.880400E+004;3.841600E+006
20440;7.183711E+000;2.976160E+005;2.310400E+004;3.767481E+006
20468;6.966912E+000;4.601750E+005;8.820900E+004;3.825936E+006
20496;6.998943E+000;-4.408800E+004;4.624000E+003;3.960100E+006
20523;6.893533E+000;5.854420E+005;8.940100E+004;3.818116E+006
20550;6.840280E+000;3.077880E+005;5.336100E+004;3.869089E+006
20578;6.887962E+000;4.235060E+005;4.579600E+004;3.876961E+006
20605;6.727928E+000;6.278400E+004;4.579600E+004;3.841600E+006
20633;6.893511E+000;4.937170E+005;1.089000E+003;3.876961E+006
20661;6.885001E+000;2.833300E+005;3.385600E+004;3.825936E+006
20689;6.846130E+000;6.510910E+005;1.082410E+005;3.900625E+006
20716;6.809981E+000;7.698880E+005;1.536640E+005;3.960100E+006
20744;6.760358E+000;8.878500E+004;2.025000E+003;3.924361E+006
20771;6.862574E+000;5.579075E+006;3.401222E+007;9.177640E+005
20799;1.512611E+001;5.755520E+005;8.028160E+007;5.041000E+003
20826;2.321593E+001;4.924132E+006;2.434436E+007;1.058841E+006
20854;2.297112E+001;2.539915E+006;2.313441E+006;3.087049E+006
20881;1.465054E+001;4.117005E+006;8.749764E+006;2.064969E+006
20908;1.155341E+001;4.293776E+006;5.644517E+007;2.116000E+005
20935;1.803011E+001;1.006710E+006;7.663251E+007;1.849600E+004
20963;2.188108E+001;4.679304E+006;1.519440E+007;1.466521E+006
20990;1.901091E+001;2.200436E+006;1.552516E+006;3.229209E+006
21018;1.227208E+001;4.901067E+006;4.304672E+007;5.026810E+005
21046;1.581994E+001;1.304550E+006;7.563781E+007;2.924100E+004
21073;2.342935E+001;4.702980E+006;1.334441E+007;1.560001E+006
21100;2.260342E+001;2.487664E+006;1.530169E+006;2.972176E+006
21127;1.374429E+001;5.265039E+006;2.453221E+007;1.042441E+006
21155;1.374429E+001;4.057986E+006;5.015472E+007;3.025000E+005
21183;2.380672E+001;-2.763900E+004;8.487937E+007;2.500000E+001
21209;2.354620E+001;6.722250E+005;7.921000E+007;5.625000E+003
21236;2.076256E+001;2.631146E+006;6.806250E+007;1.162810E+005
21264;2.341466E+001;3.768606E+006;4.852516E+007;3.025000E+005
21292;2.475860E+001;4.980000E+006;3.600000E+007;6.789760E+005
21319;2.363523E+001;4.937670E+006;3.539060E+007;6.922240E+005
21347;2.305848E+001;4.777832E+006;3.624040E+007;5.791210E+005
21375;2.326696E+001;5.150730E+006;3.871328E+007;7.140250E+005
21403;2.366081E+001;4.715382E+006;2.554292E+007;8.817210E+005
21430;2.260030E+001;4.874298E+006;2.952836E+007;8.046090E+005
21458;2.224196E+001;5.031527E+006;2.939808E+007;8.854810E+005
21485;2.203615E+001;4.940192E+006;2.107728E+007;1.134225E+006
21513;2.102011E+001;4.904718E+006;2.339657E+007;1.020100E+006
21541;2.153286E+001;5.061500E+006;2.280062E+007;1.119364E+006
21595;2.186161E+001;5.011671E+006;2.404922E+007;1.012036E+006
21623;2.166378E+001;5.165016E+006;2.261954E+007;1.164241E+006
21650;2.187667E+001;4.889162E+006;2.602020E+007;1.024144E+006
21676;2.147091E+001;4.975960E+006;2.062976E+007;1.075369E+006
21704;2.172770E+001;5.114634E+006;2.632716E+007;9.920160E+005
21731;2.133242E+001;4.829630E+006;2.479044E+007;9.409000E+005
21758;2.215620E+001;5.026540E+006;2.685312E+007;9.254440E+005
21786;2.228771E+001;4.934982E+006;2.966981E+007;7.938810E+005
21895;2.369060E+001;4.820112E+006;3.489265E+007;6.480250E+005
22220;2.425489E+001;6.721840E+005;8.552550E+007;3.844000E+003
22247;2.281097E+001;0.000000E+000;8.179394E+007;0.000000E+000
22274;2.018348E+001;0.000000E+000;8.181202E+007;0.000000E+000
22301;1.955147E+001;7.128000E+004;7.938810E+007;6.400000E+001
22329;1.953411E+001;1.273440E+005;8.082010E+007;2.560000E+002
22356;1.948728E+001;4.615520E+005;7.940592E+007;3.136000E+003
22383;2.131679E+001;6.819750E+005;8.121614E+007;5.625000E+003
22411;2.131679E+001;7.064180E+005;7.835790E+007;6.889000E+003
22439;2.104729E+001;9.318720E+005;8.346650E+007;9.604000E+003
22467;2.151296E+001;9.209580E+005;8.152284E+007;1.040400E+004
22495;2.188022E+001;8.675520E+005;8.154090E+007;8.464000E+003
22522;2.233565E+001;9.057000E+005;7.972704E+007;1.040400E+004
22549;2.129761E+001;8.752380E+005;8.038915E+007;1.000000E+004
22575;2.183340E+001;1.015850E+006;8.386896E+007;1.081600E+004
22603;2.210500E+001;8.659200E+005;8.136040E+007;9.604000E+003
22631;2.097007E+001;7.702980E+005;7.839331E+007;7.569000E+003
22659;2.145318E+001;6.314190E+005;8.374080E+007;3.844000E+003
22687;2.249891E+001;-2.727000E+004;8.069429E+007;9.000000E+000
22714;2.045028E+001;-2.718000E+004;7.985210E+007;9.000000E+000
22742;1.945281E+001;0.000000E+000;8.208360E+007;0.000000E+000
22768;1.926084E+001;0.000000E+000;8.107202E+007;0.000000E+000
22795;1.907769E+001;0.000000E+000;8.107202E+007;0.000000E+000
22822;1.968903E+001;0.000000E+000;8.010250E+007;0.000000E+000
22849;1.927793E+001;0.000000E+000;8.082010E+007;0.000000E+000
22876;1.932301E+001;-6.218100E+004;7.890769E+007;4.900000E+001
22904;1.934818E+001;0.000000E+000;8.112605E+007;0.000000E+000
22931;1.946723E+001;0.000000E+000;8.092802E+007;0.000000E+000
22958;1.946127E+001;0.000000E+000;8.092802E+007;0.000000E+000
22986;1.937581E+001;0.000000E+000;8.092802E+007;0.000000E+000
23013;1.955158E+001;0.000000E+000;8.012040E+007;0.000000E+000
23041;1.939034E+001;0.000000E+000;8.134236E+007;0.000000E+000
23068;1.959660E+001;0.000000E+000;7.988784E+007;0.000000E+000
23095;1.946309E+001;0.000000E+000;8.114406E+007;0.000000E+000
23123;1.938232E+001;0.000000E+000;8.114406E+007;0.000000E+000
23149;1.950780E+001;0.000000E+000;8.012040E+007;0.000000E+000
23176;1.944751E+001;0.000000E+000;8.091002E+007;0.000000E+000
23204;1.934123E+001;0.000000E+000;7.913882E+007;0.000000E+000
23232;1.948925E+001;0.000000E+000;8.215610E+007;0.000000E+000
23259;1.958807E+001;0.000000E+000;8.157702E+007;9.000000E+000
23286;1.952341E+001;0.000000E+000;8.157702E+007;0.000000E+000
23312;1.948732E+001;1.812000E+004;8.082010E+007;4.000000E+000
23340;1.965972E+001;0.000000E+000;8.163122E+007;0.000000E+000
23368;1.967586E+001;0.000000E+000;7.942374E+007;0.000000E+000
23395;1.960762E+001;1.800000E+004;8.098200E+007;4.000000E+000
23421;1.937985E+001;0.000000E+000;8.134236E+007;0.000000E+000
23449;1.938756E+001;0.000000E+000;7.947722E+007;0.000000E+000
23476;1.940673E+001;0.000000E+000;8.076617E+007;0.000000E+000
23502;1.966749E+001;1.800400E+004;8.103600E+007;4.000000E+000
23530;1.955622E+001;0.000000E+000;8.058653E+007;0.000000E+000
23557;1.923317E+001;0.000000E+000;8.188440E+007;0.000000E+000
23584;1.968992E+001;0.000000E+000;8.145062E+007;0.000000E+000
23610;1.947674E+001;0.000000E+000;8.100000E+007;0.000000E+000
23637;1.932490E+001;8.981000E+004;8.047884E+007;1.440000E+002
23665;1.936371E+001;3.604400E+004;8.119812E+007;1.600000E+001
23692;1.925566E+001;0.000000E+000;8.183011E+007;0.000000E+000
23719;1.932413E+001;-2.688300E+004;7.979849E+007;0.000000E+000
23746;1.943744E+001;0.000000E+000;8.029952E+007;0.000000E+000
23774;1.916733E+001;0.000000E+000;8.110803E+007;0.000000E+000
23801;1.922189E+001;0.000000E+000;8.080212E+007;0.000000E+000
23828;1.907742E+001;0.000000E+000;8.211984E+007;0.000000E+000
23856;1.893926E+001;0.000000E+000;8.110803E+007;0.000000E+000
23884;1.894474E+001;0.000000E+000;8.060448E+007;0.000000E+000
23912;1.936308E+001;0.000000E+000;7.979849E+007;0.000000E+000
23939;1.919719E+001;0.000000E+000;8.193870E+007;0.000000E+000
23966;1.943946E+001;0.000000E+000;8.047884E+007;9.000000E+000
23993;1.945355E+001;0.000000E+000;8.092802E+007;0.000000E+000
24021;1.930599E+001;0.000000E+000;8.143258E+007;0.000000E+000
24048;1.918923E+001;5.361000E+004;7.983422E+007;3.600000E+001
24075;1.937584E+001;1.088400E+005;7.986997E+007;1.440000E+002
24102;1.947157E+001;0.000000E+000;7.990572E+007;0.000000E+000
24129;1.932199E+001;0.000000E+000;8.101800E+007;0.000000E+000
24156;1.953584E+001;1.787600E+004;7.988784E+007;4.000000E+000
24183;1.954883E+001;3.613600E+004;8.161315E+007;1.600000E+001
24210;1.934485E+001;0.000000E+000;8.181202E+007;4.000000E+000
24237;1.976299E+001;3.590400E+004;8.213797E+007;1.600000E+001
24265;1.981284E+001;9.122000E+004;8.297388E+007;1.440000E+002
24293;1.986536E+001;1.787000E+004;8.096400E+007;4.000000E+000
24320;1.971323E+001;0.000000E+000;8.073022E+007;0.000000E+000
24347;2.018038E+001;0.000000E+000;8.148673E+007;0.000000E+000
24375;1.989831E+001;0.000000E+000;8.282820E+007;0.000000E+000
24402;2.006877E+001;0.000000E+000;8.282820E+007;0.000000E+000
24429;1.974416E+001;0.000000E+000;8.226490E+007;0.000000E+000
24456;1.985523E+001;0.000000E+000;8.150478E+007;0.000000E+000
24485;2.007272E+001;0.000000E+000;8.150478E+007;0.000000E+000
24511;2.011761E+001;0.000000E+000;8.150478E+007;0.000000E+000
24539;2.007818E+001;0.000000E+000;8.017411E+007;0.000000E+000
24567;2.031170E+001;0.000000E+000;8.017411E+007;0.000000E+000
24594;1.978693E+001;0.000000E+000;8.073022E+007;0.000000E+000
24621;1.989536E+001;0.000000E+000;8.226490E+007;0.000000E+000
24649;1.972556E+001;0.000000E+000;7.887216E+007;0.000000E+000
24677;1.987710E+001;0.000000E+000;8.150478E+007;0.000000E+000
24704;2.004757E+001;0.000000E+000;8.226490E+007;0.000000E+000
24731;1.989736E+001;0.000000E+000;8.170352E+007;0.000000E+000
24759;1.995492E+001;1.778400E+004;7.906766E+007;4.000000E+000
24785;1.974992E+001;1.802400E+004;7.963778E+007;0.000000E+000
24813;1.997177E+001;0.000000E+000;7.945939E+007;9.000000E+000
24841;1.955153E+001;0.000000E+000;8.074819E+007;0.000000E+000
24869;1.989101E+001;0.000000E+000;8.074819E+007;0.000000E+000
24896;1.989101E+001;0.000000E+000;8.074819E+007;0.000000E+000
24924;2.000723E+001;0.000000E+000;8.028160E+007;0.000000E+000
24951;2.002515E+001;0.000000E+000;8.242824E+007;0.000000E+000
24977;2.021392E+001;0.000000E+000;8.157702E+007;0.000000E+000
25005;1.998642E+001;-2.708700E+004;8.020994E+007;0.000000E+000
25032;2.001951E+001;0.000000E+000;8.284640E+007;0.000000E+000
25060;2.041974E+001;3.585200E+004;8.033537E+007;1.600000E+001
25087;2.006259E+001;2.265250E+005;8.210172E+007;4.000000E+002
25115;2.060964E+001;-2.693400E+004;8.060448E+007;9.000000E+000
25142;2.020959E+001;0.000000E+000;8.202925E+007;4.000000E+000
25169;2.036973E+001;1.798800E+004;8.089203E+007;0.000000E+000
25195;2.034308E+001;0.000000E+000;7.988784E+007;0.000000E+000
25223;2.016519E+001;0.000000E+000;7.919220E+007;0.000000E+000
25251;2.041928E+001;0.000000E+000;8.044296E+007;0.000000E+000
25278;2.025666E+001;0.000000E+000;8.044296E+007;0.000000E+000
25305;2.016255E+001;0.000000E+000;8.017411E+007;0.000000E+000
25332;2.020591E+001;0.000000E+000;8.143258E+007;0.000000E+000
25359;2.022179E+001;0.000000E+000;8.044296E+007;0.000000E+000
25387;2.014745E+001;0.000000E+000;8.170352E+007;0.000000E+000
25414;2.005908E+001;0.000000E+000;8.143258E+007;0.000000E+000
25442;2.015420E+001;0.000000E+000;8.270083E+007;0.000000E+000
25468;2.045022E+001;0.000000E+000;8.044296E+007;4.000000E+000
25495;2.027232E+001;0.000000E+000;8.073022E+007;0.000000E+000
25522;2.015096E+001;1.778800E+004;7.910323E+007;4.000000E+000
25550;2.021428E+001;0.000000E+000;8.163122E+007;0.000000E+000
25577;2.033161E+001;0.000000E+000;8.100000E+007;9.000000E+000
25604;2.008409E+001;0.000000E+000;7.972704E+007;0.000000E+000
25631;1.998003E+001;0.000000E+000;8.291923E+007;0.000000E+000
25658;2.021660E+001;0.000000E+000;8.006670E+007;0.000000E+000
25685;2.020002E+001;0.000000E+000;8.069429E+007;0.000000E+000
25712;2.043917E+001;0.000000E+000;8.197491E+007;0.000000E+000
25740;2.003354E+001;0.000000E+000;7.972704E+007;0.000000E+000
25767;2.046156E+001;0.000000E+000;8.226490E+007;0.000000E+000
25795;2.046829E+001;0.000000E+000;8.197491E+007;0.000000E+000
25822;2.042130E+001;0.000000E+000;7.972704E+007;0.000000E+000
25850;2.034839E+001;0.000000E+000;8.163122E+007;0.000000E+000
25877;2.036856E+001;0.000000E+000;7.972704E+007;0.000000E+000
25905;2.009121E+001;0.000000E+000;8.197491E+007;0.000000E+000
25932;2.027366E+001;0.000000E+000;8.100000E+007;0.000000E+000
25960;2.055693E+001;0.000000E+000;8.069429E+007;0.000000E+000
25988;2.016971E+001;0.000000E+000;7.972704E+007;0.000000E+000
26015;2.009058E+001;0.000000E+000;8.132432E+007;0.000000E+000
26041;1.992997E+001;0.000000E+000;8.228304E+007;0.000000E+000
26068;1.991224E+001;0.000000E+000;8.132432E+007;0.000000E+000
26095;2.029617E+001;0.000000E+000;8.132432E+007;0.000000E+000
26122;2.039375E+001;0.000000E+000;7.881888E+007;0.000000E+000
26149;2.018207E+001;0.000000E+000;8.008460E+007;0.000000E+000
26177;2.027271E+001;0.000000E+000;8.040709E+007;0.000000E+000
26205;2.016175E+001;0.000000E+000;8.132432E+007;0.000000E+000
26232;2.033145E+001;0.000000E+000;8.170352E+007;0.000000E+000
26260;2.002806E+001;0.000000E+000;8.412558E+007;0.000000E+000
26287;2.026540E+001;0.000000E+000;8.301032E+007;0.000000E+000
26315;2.083396E+001;1.766800E+004;7.970918E+007;4.000000E+000
26343;2.038244E+001;3.602800E+004;8.112605E+007;1.600000E+001
26369;2.038550E+001;-2.674500E+004;7.947722E+007;9.000000E+000
26397;2.053843E+001;1.827200E+004;8.003091E+007;4.000000E+000
26424;2.023815E+001;1.816600E+004;8.250089E+007;4.000000E+000
26451;2.031503E+001;-2.695500E+004;8.073022E+007;0.000000E+000
26478;2.058480E+001;0.000000E+000;8.089203E+007;0.000000E+000
26506;1.993147E+001;1.812000E+004;8.208360E+007;4.000000E+000
26533;2.003279E+001;0.000000E+000;8.137844E+007;0.000000E+000
26560;2.024481E+001;1.804400E+004;8.069429E+007;4.000000E+000
26587;2.015951E+001;0.000000E+000;8.137844E+007;0.000000E+000
26614;2.001387E+001;1.796600E+004;8.001302E+007;4.000000E+000
26641;2.018191E+001;0.000000E+000;7.999514E+007;0.000000E+000
26667;1.998584E+001;0.000000E+000;8.199302E+007;0.000000E+000
26695;2.024994E+001;0.000000E+000;8.266446E+007;0.000000E+000
26722;2.041459E+001;0.000000E+000;8.201114E+007;0.000000E+000
26749;2.007385E+001;0.000000E+000;7.997725E+007;0.000000E+000
26776;1.976511E+001;0.000000E+000;8.134236E+007;0.000000E+000
26804;1.987219E+001;0.000000E+000;8.065836E+007;0.000000E+000
26832;1.987265E+001;0.000000E+000;8.199302E+007;0.000000E+000
26860;1.982503E+001;0.000000E+000;8.008460E+007;0.000000E+000
26888;2.021869E+001;0.000000E+000;8.078414E+007;0.000000E+000
26914;1.974950E+001;0.000000E+000;8.139648E+007;9.000000E+000
26940;1.998728E+001;0.000000E+000;8.080212E+007;0.000000E+000
26966;2.015165E+001;0.000000E+000;8.273722E+007;0.000000E+000
26994;2.016629E+001;0.000000E+000;7.956640E+007;0.000000E+000
27021;2.038295E+001;0.000000E+000;8.015621E+007;0.000000E+000
27049;1.970722E+001;0.000000E+000;8.148673E+007;0.000000E+000
27076;2.023497E+001;0.000000E+000;8.148673E+007;0.000000E+000
27103;2.033858E+001;0.000000E+000;8.015621E+007;0.000000E+000
27130;2.039668E+001;0.000000E+000;8.089203E+007;0.000000E+000
27157;2.033454E+001;0.000000E+000;8.089203E+007;0.000000E+000
27184;1.997504E+001;0.000000E+000;8.015621E+007;0.000000E+000
27211;2.008796E+001;0.000000E+000;8.015621E+007;0.000000E+000
27238;2.013324E+001;0.000000E+000;8.089203E+007;0.000000E+000
27265;2.007403E+001;0.000000E+000;8.163122E+007;0.000000E+000
27293;2.059620E+001;0.000000E+000;7.897877E+007;0.000000E+000
27319;2.002005E+001;0.000000E+000;8.163122E+007;0.000000E+000
27346;2.002005E+001;0.000000E+000;8.044296E+007;0.000000E+000
27372;2.017834E+001;0.000000E+000;8.044296E+007;0.000000E+000
27399;2.023188E+001;0.000000E+000;8.159509E+007;0.000000E+000
27426;1.994872E+001;0.000000E+000;7.986997E+007;0.000000E+000
27453;2.010495E+001;-2.694000E+004;8.064040E+007;9.000000E+000
27481;2.036229E+001;0.000000E+000;8.175776E+007;0.000000E+000
27508;1.991704E+001;0.000000E+000;8.197491E+007;0.000000E+000
27535;2.009914E+001;0.000000E+000;8.119812E+007;0.000000E+000
27562;2.017766E+001;1.810400E+004;8.193870E+007;4.000000E+000
27590;2.046804E+001;0.000000E+000;8.010250E+007;0.000000E+000
27617;1.986040E+001;0.000000E+000;8.328387E+007;0.000000E+000
27644;2.018880E+001;0.000000E+000;8.033537E+007;0.000000E+000
27672;2.005924E+001;0.000000E+000;8.010250E+007;0.000000E+000
27699;1.976157E+001;-2.658300E+004;8.033537E+007;0.000000E+000
27727;2.032053E+001;0.000000E+000;8.033537E+007;0.000000E+000
27755;2.006853E+001;0.000000E+000;8.033537E+007;0.000000E+000
27781;2.007127E+001;0.000000E+000;8.114406E+007;0.000000E+000
27809;2.021459E+001;0.000000E+000;7.644005E+007;0.000000E+000
27837;2.014385E+001;0.000000E+000;8.166737E+007;0.000000E+000
27864;2.008423E+001;0.000000E+000;8.221049E+007;0.000000E+000
27890;2.022520E+001;0.000000E+000;8.060448E+007;0.000000E+000
27917;2.013183E+001;0.000000E+000;8.060448E+007;0.000000E+000
27945;2.019554E+001;0.000000E+000;8.060448E+007;0.000000E+000
27972;2.014597E+001;0.000000E+000;8.244640E+007;0.000000E+000
27999;2.024265E+001;0.000000E+000;7.849960E+007;0.000000E+000
28026;2.003864E+001;0.000000E+000;8.244640E+007;0.000000E+000
28052;2.011545E+001;0.000000E+000;8.112605E+007;0.000000E+000
28080;2.011915E+001;0.000000E+000;8.112605E+007;0.000000E+000
28107;1.994435E+001;0.000000E+000;8.297388E+007;0.000000E+000
28134;2.020941E+001;0.000000E+000;8.112605E+007;0.000000E+000
28161;2.009286E+001;0.000000E+000;8.112605E+007;0.000000E+000
28187;2.008644E+001;0.000000E+000;8.112605E+007;0.000000E+000
28215;1.994743E+001;0.000000E+000;8.060448E+007;0.000000E+000
28243;2.009581E+001;0.000000E+000;8.244640E+007;0.000000E+000
28270;2.028493E+001;0.000000E+000;8.060448E+007;0.000000E+000
28297;2.015611E+001;0.000000E+000;8.060448E+007;0.000000E+000
28325;2.047849E+001;0.000000E+000;8.112605E+007;0.000000E+000
28351;2.030665E+001;0.000000E+000;8.012040E+007;0.000000E+000
28379;2.028166E+001;-2.706900E+004;8.042502E+007;0.000000E+000
28407;2.045914E+001;0.000000E+000;8.092802E+007;0.000000E+000
28433;2.028324E+001;0.000000E+000;7.912102E+007;0.000000E+000
28460;2.017662E+001;0.000000E+000;7.961993E+007;0.000000E+000
28486;2.029375E+001;0.000000E+000;8.306499E+007;0.000000E+000
28513;2.025417E+001;0.000000E+000;8.173968E+007;0.000000E+000
28540;2.022292E+001;1.797600E+004;8.123417E+007;4.000000E+000
28567;2.003141E+001;0.000000E+000;8.210172E+007;0.000000E+000
28595;2.043823E+001;0.000000E+000;8.078414E+007;0.000000E+000
28622;2.032153E+001;0.000000E+000;8.078414E+007;0.000000E+000
28648;2.014526E+001;0.000000E+000;8.078414E+007;0.000000E+000
28675;2.068616E+001;0.000000E+000;8.078414E+007;0.000000E+000
28702;1.991294E+001;0.000000E+000;8.078414E+007;0.000000E+000
28728;2.017652E+001;0.000000E+000;8.078414E+007;0.000000E+000
28755;1.980891E+001;0.000000E+000;8.210172E+007;0.000000E+000
28783;2.029771E+001;0.000000E+000;8.040709E+007;0.000000E+000
28810;2.023187E+001;0.000000E+000;8.123417E+007;0.000000E+000
28836;2.028673E+001;0.000000E+000;8.029952E+007;0.000000E+000
28863;2.004333E+001;0.000000E+000;7.992360E+007;0.000000E+000
28890;2.014366E+001;0.000000E+000;8.078414E+007;0.000000E+000
28917;2.031152E+001;0.000000E+000;7.947722E+007;0.000000E+000
28944;2.032404E+001;0.000000E+000;7.992360E+007;0.000000E+000
28970;1.999160E+001;0.000000E+000;8.078414E+007;0.000000E+000
28997;1.999823E+001;0.000000E+000;8.078414E+007;0.000000E+000
29024;2.028837E+001;0.000000E+000;8.210172E+007;0.000000E+000
29052;1.991932E+001;0.000000E+000;8.029952E+007;0.000000E+000
29079;2.030607E+001;0.000000E+000;8.078414E+007;0.000000E+000
29106;2.038661E+001;0.000000E+000;7.818096E+007;0.000000E+000
29134;2.016925E+001;0.000000E+000;8.078414E+007;0.000000E+000
29161;2.021645E+001;0.000000E+000;8.078414E+007;0.000000E+000
29188;2.005907E+001;0.000000E+000;7.899654E+007;0.000000E+000
29214;1.995950E+001;0.000000E+000;8.123417E+007;0.000000E+000
29242;2.036904E+001;0.000000E+000;8.078414E+007;0.000000E+000
29268;2.035747E+001;0.000000E+000;8.078414E+007;0.000000E+000
29295;2.000788E+001;0.000000E+000;8.123417E+007;0.000000E+000
29323;2.035721E+001;0.000000E+000;8.123417E+007;0.000000E+000
29351;2.029515E+001;0.000000E+000;8.078414E+007;0.000000E+000
29377;2.011958E+001;0.000000E+000;8.123417E+007;0.000000E+000
29404;1.992628E+001;0.000000E+000;8.172160E+007;0.000000E+000
29431;2.059984E+001;0.000000E+000;8.210172E+007;0.000000E+000
29457;2.024681E+001;0.000000E+000;8.078414E+007;0.000000E+000
29484;1.993209E+001;0.000000E+000;8.029952E+007;0.000000E+000
29511;2.005782E+001;1.801800E+004;8.116208E+007;4.000000E+000
29538;2.040983E+001;0.000000E+000;8.029952E+007;0.000000E+000
29564;2.004457E+001;0.000000E+000;8.248272E+007;0.000000E+000
29592;2.038053E+001;0.000000E+000;8.161315E+007;0.000000E+000
29619;2.004911E+001;0.000000E+000;8.291923E+007;0.000000E+000
29647;2.021355E+001;0.000000E+000;8.116208E+007;0.000000E+000
29674;2.016543E+001;0.000000E+000;7.899654E+007;0.000000E+000
29702;2.018933E+001;7.196000E+004;8.091002E+007;6.400000E+001
29729;2.017322E+001;1.801800E+004;8.226490E+007;4.000000E+000
29756;2.038806E+001;0.000000E+000;8.033537E+007;0.000000E+000
29783;2.015440E+001;0.000000E+000;8.152284E+007;4.000000E+000
29811;1.985810E+001;0.000000E+000;8.166737E+007;0.000000E+000
29838;1.981244E+001;0.000000E+000;8.183011E+007;0.000000E+000
29865;1.993932E+001;0.000000E+000;8.060448E+007;0.000000E+000
29893;2.003593E+001;0.000000E+000;8.076617E+007;0.000000E+000
29921;2.000424E+001;0.000000E+000;7.837561E+007;0.000000E+000
29948;1.999325E+001;0.000000E+000;8.076617E+007;0.000000E+000
29975;1.978494E+001;0.000000E+000;8.183011E+007;0.000000E+000
30002;2.007160E+001;0.000000E+000;8.044296E+007;0.000000E+000
30029;2.009981E+001;0.000000E+000;8.183011E+007;0.000000E+000
30055;2.005705E+001;0.000000E+000;8.076617E+007;0.000000E+000
30081;1.981953E+001;0.000000E+000;8.183011E+007;0.000000E+000
30108;1.981811E+001;0.000000E+000;8.183011E+007;0.000000E+000
30136;2.008778E+001;0.000000E+000;8.183011E+007;0.000000E+000
30163;1.999659E+001;0.000000E+000;8.110803E+007;0.000000E+000
30190;1.966415E+001;0.000000E+000;8.092802E+007;0.000000E+000
30218;1.993494E+001;0.000000E+000;8.092802E+007;0.000000E+000
30244;1.977004E+001;0.000000E+000;8.199302E+007;0.000000E+000
30272;1.996726E+001;1.801200E+004;8.110803E+007;4.000000E+000
30299;1.980424E+001;-2.701800E+004;8.026368E+007;9.000000E+000
30326;2.019986E+001;-4.752300E+004;2.171560E+005;6.724000E+003
30353;4.760764E+000;-2.584800E+004;1.274490E+005;4.900000E+003
30379;4.799793E+000;-4.620000E+003;2.624400E+004;7.840000E+002
30406;4.874923E+000;-8.670000E+003;2.890000E+004;1.296000E+003
30433;4.879750E+000;-3.842000E+003;1.276900E+004;9.000000E+002
30461;4.898847E+000;-1.850000E+002;1.369000E+003;9.000000E+000
30488;4.889306E+000;-8.160000E+002;4.624000E+003;1.960000E+002
30514;4.927989E+000;-9.000000E+001;9.409000E+003;3.240000E+002
30542;4.918098E+000;0.000000E+000;3.249000E+003;9.000000E+000
30567;4.903030E+000;-2.600000E+002;2.704000E+003;2.500000E+001
30595;4.983054E+000;-7.140000E+002;1.040400E+004;4.900000E+001
30622;4.877004E+000;7.200000E+001;2.025000E+003;9.000000E+000
30648;4.936173E+000;0.000000E+000;5.760000E+002;0.000000E+000
30676;4.976136E+000;0.000000E+000;4.900000E+001;0.000000E+000
30703;4.870948E+000;1.200000E+002;5.760000E+002;9.000000E+000
30731;4.976491E+000;0.000000E+000;6.400000E+001;0.000000E+000
30759;4.925128E+000;0.000000E+000;5.760000E+002;0.000000E+000
30786;4.934937E+000;0.000000E+000;6.400000E+001;0.000000E+000
30814;4.945967E+000;0.000000E+000;6.084000E+003;0.000000E+000
30841;4.968849E+000;0.000000E+000;5.760000E+002;0.000000E+000
30868;4.959777E+000;0.000000E+000;3.721000E+003;0.000000E+000
30895;4.910893E+000;4.800000E+002;4.900000E+001;9.000000E+000
30922;4.934150E+000;-2.200000E+002;4.489000E+003;2.500000E+001
30949;4.979173E+000;-2.070000E+002;1.849000E+003;9.000000E+000
30975;4.873109E+000;0.000000E+000;7.840000E+002;0.000000E+000
31002;4.950002E+000;0.000000E+000;1.849000E+003;0.000000E+000
31029;4.975013E+000;0.000000E+000;1.764000E+003;0.000000E+000
31057;4.948359E+000;0.000000E+000;1.764000E+003;0.000000E+000
31085;4.932584E+000;1.450000E+002;8.410000E+002;2.500000E+001
31113;4.930842E+000;0.000000E+000;8.410000E+002;0.000000E+000
31139;4.940551E+000;0.000000E+000;8.410000E+002;0.000000E+000
31166;4.950684E+000;0.000000E+000;8.410000E+002;0.000000E+000
31192;4.893669E+000;0.000000E+000;5.041000E+003;0.000000E+000
31219;4.991968E+000;0.000000E+000;1.000000E+000;0.000000E+000
31246;4.955362E+000;0.000000E+000;1.000000E+000;0.000000E+000
31273;4.866198E+000;0.000000E+000;1.060900E+004;0.000000E+000
31300;4.917133E+000;0.000000E+000;2.073600E+004;0.000000E+000
31328;4.881544E+000;0.000000E+000;8.410000E+002;0.000000E+000
31355;4.974980E+000;0.000000E+000;1.000000E+000;0.000000E+000
31382;4.925164E+000;0.000000E+000;1.060900E+004;0.000000E+000
31410;4.927340E+000;0.000000E+000;1.764000E+003;0.000000E+000
31438;5.033733E+000;0.000000E+000;8.410000E+002;0.000000E+000
31465;4.947644E+000;0.000000E+000;8.410000E+002;0.000000E+000
31493;4.945467E+000;0.000000E+000;1.000000E+000;0.000000E+000
31519;4.925698E+000;0.000000E+000;5.041000E+003;0.000000E+000
31547;4.957491E+000;0.000000E+000;8.410000E+002;0.000000E+000
31574;4.974750E+000;0.000000E+000;8.410000E+002;0.000000E+000
31602;4.925364E+000;0.000000E+000;1.000000E+000;0.000000E+000
31629;4.993608E+000;0.000000E+000;1.690000E+002;0.000000E+000
31656;4.924937E+000;0.000000E+000;1.000000E+000;0.000000E+000
31683;4.935858E+000;0.000000E+000;8.410000E+002;0.000000E+000
31710;4.940364E+000;0.000000E+000;5.476000E+003;0.000000E+000
31736;4.908895E+000;0.000000E+000;1.000000E+000;0.000000E+000
31763;4.899025E+000;0.000000E+000;8.410000E+002;0.000000E+000
31790;4.980065E+000;0.000000E+000;8.410000E+002;0.000000E+000
31816;4.936465E+000;0.000000E+000;5.476000E+003;0.000000E+000
31843;4.956543E+000;0.000000E+000;1.000000E+000;0.000000E+000
31871;4.890566E+000;0.000000E+000;1.764000E+003;0.000000E+000
31898;4.974244E+000;0.000000E+000;1.000000E+000;0.000000E+000
31925;4.972775E+000;0.000000E+000;8.410000E+002;0.000000E+000
31952;4.901494E+000;0.000000E+000;1.000000E+000;0.000000E+000
31980;4.945629E+000;0.000000E+000;5.041000E+003;0.000000E+000
32007;4.920225E+000;0.000000E+000;8.410000E+002;0.000000E+000
32032;4.920225E+000;0.000000E+000;8.410000E+002;0.000000E+000
32059;4.931207E+000;0.000000E+000;5.041000E+003;0.000000E+000
32087;4.929657E+000;0.000000E+000;1.764000E+003;0.000000E+000
32113;4.917313E+000;0.000000E+000;5.041000E+003;0.000000E+000
32140;4.917023E+000;0.000000E+000;5.041000E+003;0.000000E+000
32167;4.986897E+000;0.000000E+000;5.041000E+003;0.000000E+000
32194;4.897346E+000;0.000000E+000;8.410000E+002;0.000000E+000
32222;4.972650E+000;0.000000E+000;1.060900E+004;0.000000E+000
32250;4.923250E+000;0.000000E+000;3.249000E+003;0.000000E+000
32277;4.940195E+000;0.000000E+000;8.410000E+002;0.000000E+000
