Timestamp;matlab_p
7;5.108262E+000
33;5.216223E+000
58;5.190519E+000
84;5.123564E+000
110;5.171785E+000
136;5.198223E+000
162;5.153989E+000
187;5.118957E+000
213;5.091736E+000
238;5.132182E+000
263;5.101954E+000
288;5.143896E+000
314;5.200928E+000
339;5.105567E+000
364;5.202475E+000
389;5.191948E+000
415;5.129773E+000
440;5.092973E+000
467;5.134954E+000
492;5.114986E+000
517;5.165345E+000
543;5.148080E+000
569;5.127504E+000
595;5.146444E+000
620;5.139125E+000
647;5.148950E+000
672;5.177531E+000
697;5.183936E+000
723;5.121089E+000
748;5.137580E+000
774;5.109042E+000
799;5.207883E+000
824;5.114827E+000
849;5.137555E+000
875;5.170887E+000
901;5.163767E+000
927;5.184209E+000
952;5.154726E+000
978;5.199345E+000
1003;5.210516E+000
1028;5.128028E+000
1054;5.099207E+000
1079;5.110099E+000
1105;5.153888E+000
1130;5.193412E+000
1156;5.142775E+000
1181;5.150835E+000
1207;5.110431E+000
1232;5.158545E+000
1258;5.203238E+000
1283;5.165566E+000
1309;5.187884E+000
1334;5.198267E+000
1359;5.164301E+000
1385;5.175059E+000
1410;5.196367E+000
1436;5.213396E+000
1461;5.177248E+000
1487;5.177248E+000
1512;5.128551E+000
1537;5.130588E+000
1563;5.164768E+000
1589;5.237951E+000
1614;5.181593E+000
1640;5.217846E+000
1665;5.186017E+000
1690;5.212633E+000
1716;5.203122E+000
1742;5.132022E+000
1767;5.189436E+000
1793;5.149297E+000
1818;5.140676E+000
1844;5.252436E+000
1871;5.171005E+000
1896;5.107963E+000
1922;5.160467E+000
1947;5.190272E+000
1974;5.173331E+000
1999;5.162844E+000
2024;5.161559E+000
2049;5.234765E+000
2075;5.160084E+000
2100;5.179739E+000
2125;5.159580E+000
2151;5.134604E+000
2176;5.175911E+000
2201;5.147896E+000
2226;5.236868E+000
2252;5.113584E+000
2277;5.149242E+000
2303;5.196772E+000
2328;5.154623E+000
2354;5.154276E+000
2380;5.215710E+000
2405;5.163773E+000
2431;5.212086E+000
2456;5.217696E+000
2481;5.151777E+000
2507;5.157085E+000
2533;5.160610E+000
2559;5.148995E+000
2585;5.165747E+000
2610;5.135670E+000
2636;5.209860E+000
2661;5.145345E+000
2686;5.118554E+000
2711;5.187978E+000
2737;5.112056E+000
2762;5.073545E+000
2788;5.174789E+000
2814;5.138072E+000
2840;5.077763E+000
2865;5.162456E+000
2891;5.161880E+000
2916;5.238274E+000
2941;5.137433E+000
2967;5.254442E+000
2992;5.168101E+000
3018;5.279199E+000
3043;5.173139E+000
3070;5.179041E+000
3096;5.180762E+000
3121;5.177359E+000
3146;5.150827E+000
3171;5.116879E+000
3197;5.099703E+000
3223;5.139901E+000
3248;5.142249E+000
3274;5.170415E+000
3299;5.110097E+000
3325;5.133232E+000
3350;5.191536E+000
3375;5.194689E+000
3402;5.212918E+000
3428;5.147103E+000
3453;5.105777E+000
3478;5.131351E+000
3504;5.115077E+000
3529;5.115077E+000
3554;5.166867E+000
3579;5.159561E+000
3604;5.169089E+000
3630;5.106466E+000
3655;5.107011E+000
3681;5.136385E+000
3706;5.187955E+000
3731;5.205642E+000
3757;5.185121E+000
3782;5.108723E+000
3807;5.174565E+000
3833;5.111879E+000
3859;5.146318E+000
3885;5.116883E+000
3911;5.214626E+000
3936;5.134611E+000
3962;5.187899E+000
3988;5.147649E+000
4014;5.133336E+000
4039;5.111135E+000
4065;5.080476E+000
4090;5.160693E+000
4116;5.137737E+000
4142;5.114835E+000
4167;5.193244E+000
4193;5.085534E+000
4219;5.104671E+000
4244;5.148241E+000
4270;5.234447E+000
4295;5.171484E+000
4321;5.154332E+000
4346;5.047975E+000
4371;5.172627E+000
4396;5.238020E+000
4422;5.238020E+000
4448;5.156402E+000
4473;5.175806E+000
4499;5.143871E+000
4525;5.226497E+000
4550;5.116559E+000
4576;5.219325E+000
4601;5.182260E+000
4627;5.211633E+000
4652;5.133571E+000
4678;5.146495E+000
4703;5.147459E+000
4729;5.109652E+000
4755;5.173037E+000
4780;5.142429E+000
4807;5.200794E+000
4832;5.165957E+000
4857;5.133528E+000
4884;5.182794E+000
4909;5.180546E+000
4934;5.107956E+000
4959;5.119517E+000
4984;5.209950E+000
5009;5.212097E+000
5035;5.111454E+000
5061;5.144116E+000
5086;5.167485E+000
5113;5.183256E+000
5139;5.137798E+000
5164;5.095088E+000
5190;5.143843E+000
5216;5.137634E+000
5241;5.110369E+000
5266;5.147714E+000
5291;5.129235E+000
5317;5.119210E+000
5343;5.166003E+000
5368;5.188206E+000
5394;5.144984E+000
5420;5.110350E+000
5446;5.115333E+000
5471;5.166145E+000
5497;5.166923E+000
5523;5.132643E+000
5549;5.107624E+000
5575;5.092753E+000
5600;5.090517E+000
5625;5.181422E+000
5651;5.125785E+000
5676;5.125996E+000
5702;5.169965E+000
5727;5.231966E+000
5753;5.081682E+000
5778;5.126266E+000
5804;5.146005E+000
5829;5.169706E+000
5854;5.107664E+000
5880;5.144740E+000
5905;5.095388E+000
5931;5.174455E+000
5956;5.173265E+000
5981;5.194675E+000
6007;5.172302E+000
6032;5.158427E+000
6057;5.190131E+000
6082;5.226246E+000
6108;5.179706E+000
6133;5.139218E+000
6159;5.146733E+000
6184;5.151056E+000
6209;5.169282E+000
6234;5.129182E+000
6259;5.175340E+000
6284;5.206700E+000
6310;5.158214E+000
6336;5.159580E+000
6361;5.139838E+000
6386;5.195251E+000
6411;5.118106E+000
6436;5.114847E+000
6462;5.131162E+000
6487;5.172742E+000
6513;5.113639E+000
6538;5.097641E+000
6564;5.201157E+000
6590;5.194154E+000
6615;5.126227E+000
6640;5.174696E+000
6666;5.108862E+000
6691;5.134718E+000
6717;5.095375E+000
6743;5.156393E+000
6769;5.181804E+000
6794;5.176982E+000
6820;5.136817E+000
6845;5.181077E+000
6871;5.126881E+000
6896;5.133043E+000
6921;5.192030E+000
6946;5.186232E+000
6972;5.144983E+000
6997;5.113068E+000
7022;5.170851E+000
7048;5.175470E+000
7073;5.173320E+000
7098;5.107916E+000
7124;5.187520E+000
7149;5.076948E+000
7174;5.170359E+000
7200;5.079889E+000
7226;5.118548E+000
7251;5.107475E+000
7277;5.130651E+000
7302;5.168328E+000
7327;5.140162E+000
7352;5.141368E+000
7377;5.122488E+000
7403;5.174419E+000
7428;5.190594E+000
7454;5.079776E+000
7480;5.171751E+000
7505;5.123144E+000
7531;5.164305E+000
7556;5.142426E+000
7582;5.164187E+000
7608;5.163002E+000
7633;5.123273E+000
7658;5.245387E+000
7683;5.144064E+000
7709;5.107894E+000
7734;5.169835E+000
7759;5.053535E+000
7785;5.192956E+000
7810;5.120281E+000
7835;5.156627E+000
7861;5.197291E+000
7886;5.054388E+000
7912;5.112117E+000
7937;5.134562E+000
7963;5.202059E+000
7988;5.156289E+000
8014;5.249258E+000
8040;5.149467E+000
8065;5.175588E+000
8091;5.188608E+000
8117;5.165964E+000
8143;5.133023E+000
8169;5.103720E+000
8195;5.141506E+000
8220;5.191870E+000
8247;5.148546E+000
8272;5.135659E+000
8298;5.213321E+000
8323;5.049543E+000
8349;5.197065E+000
8375;5.166814E+000
8400;5.129818E+000
8425;5.104872E+000
8450;5.219454E+000
8475;5.159198E+000
8501;5.103799E+000
8526;5.182427E+000
8551;5.184485E+000
8576;5.166311E+000
8602;5.205895E+000
8628;5.227057E+000
8653;5.143623E+000
8678;5.191115E+000
8704;5.163496E+000
8730;5.224916E+000
8755;5.158791E+000
8781;5.171589E+000
8806;5.195426E+000
8833;5.153891E+000
8859;5.150026E+000
8884;5.162535E+000
8910;5.179502E+000
8935;5.128387E+000
8961;5.165951E+000
8987;5.203133E+000
9012;5.196272E+000
9038;5.182392E+000
9063;5.139703E+000
9089;5.174797E+000
9115;5.094878E+000
9140;5.156570E+000
9167;5.118119E+000
9192;5.074410E+000
9218;5.146064E+000
9243;5.130045E+000
9269;5.188208E+000
9295;5.167736E+000
9320;5.181520E+000
9345;5.133463E+000
9371;5.188308E+000
9396;5.217512E+000
9422;5.170646E+000
9447;5.064078E+000
9473;5.197324E+000
9499;5.108852E+000
9524;5.096146E+000
9550;5.092210E+000
9575;5.175846E+000
9601;5.177954E+000
9627;5.158167E+000
9653;5.227141E+000
9678;5.181371E+000
9703;5.181371E+000
9729;5.166058E+000
9754;5.137844E+000
9780;5.132789E+000
9806;5.161011E+000
9832;5.101223E+000
9857;5.195533E+000
9883;5.133135E+000
9908;5.168821E+000
9933;5.161936E+000
9958;5.148171E+000
9984;5.202452E+000
10009;5.217564E+000
10035;5.265728E+000
10061;5.204476E+000
10086;5.137607E+000
10111;5.118197E+000
10137;5.176721E+000
10163;5.145529E+000
10188;5.187284E+000
10213;5.136968E+000
10238;5.146748E+000
10264;5.193225E+000
10290;5.204870E+000
10315;5.219398E+000
10341;5.150050E+000
10366;5.219099E+000
10392;5.115486E+000
10418;5.142409E+000
10443;5.154328E+000
10469;5.157111E+000
10495;5.145716E+000
10520;5.180162E+000
10545;5.117753E+000
10571;5.169227E+000
10596;5.218732E+000
10622;5.191461E+000
10649;5.097804E+000
10675;5.103680E+000
10701;5.080237E+000
10726;5.150663E+000
10751;5.163160E+000
10776;5.136207E+000
10801;5.088964E+000
10826;5.116438E+000
10852;5.160118E+000
10877;5.149335E+000
10903;5.097849E+000
10929;5.132898E+000
10954;5.168181E+000
10979;5.166200E+000
11005;5.204521E+000
11031;5.163199E+000
11056;5.106210E+000
11082;5.129475E+000
11108;5.157772E+000
11133;5.204875E+000
11158;5.160902E+000
11184;5.110983E+000
11210;5.165570E+000
11235;5.123043E+000
11260;5.141626E+000
11286;5.142663E+000
11312;5.160107E+000
11337;5.144029E+000
11362;5.144029E+000
11387;5.085376E+000
11413;5.222731E+000
11438;5.167246E+000
11463;5.167246E+000
11488;5.123384E+000
11514;5.255347E+000
11540;5.200582E+000
11565;5.200582E+000
11591;5.167338E+000
11617;5.190292E+000
11642;5.174071E+000
11668;5.160152E+000
11694;5.115129E+000
11720;5.131166E+000
11745;5.145391E+000
11770;5.152252E+000
11796;5.216963E+000
11821;5.172174E+000
11847;5.173438E+000
11873;5.216006E+000
11898;5.153340E+000
11925;5.163970E+000
11950;5.158545E+000
11976;5.208908E+000
12001;5.158206E+000
12027;5.155742E+000
12053;5.179277E+000
12078;5.187004E+000
12103;5.147201E+000
12128;5.242528E+000
12154;5.110830E+000
12179;5.206912E+000
12204;5.155629E+000
12230;5.097770E+000
12255;5.249621E+000
12281;5.115877E+000
12307;5.137203E+000
12332;5.159232E+000
12358;5.196697E+000
12383;5.155399E+000
12408;5.187421E+000
12433;5.128120E+000
12458;5.200028E+000
12483;5.245949E+000
12508;5.245986E+000
12533;5.144780E+000
12559;5.088367E+000
12584;5.168279E+000
12609;5.195931E+000
12635;5.141421E+000
12660;5.182415E+000
12686;5.137291E+000
12712;5.171393E+000
12737;5.179503E+000
12763;5.157525E+000
12789;5.170621E+000
12814;5.184307E+000
12839;5.092140E+000
12865;5.148034E+000
12890;5.190772E+000
12916;5.153714E+000
12942;5.148063E+000
12968;5.160999E+000
12994;5.134795E+000
13020;5.133383E+000
13046;5.123853E+000
13071;5.190126E+000
13096;5.190126E+000
13121;5.190126E+000
13146;5.181811E+000
13171;5.145709E+000
13196;5.176437E+000
13222;5.147295E+000
13247;5.102127E+000
13273;5.194718E+000
13298;5.200883E+000
13323;5.125615E+000
13348;5.148878E+000
13374;5.169314E+000
13400;5.200960E+000
13425;5.153276E+000
13450;5.208095E+000
13476;5.195336E+000
13502;5.237493E+000
13528;5.149527E+000
13554;5.184526E+000
13580;5.076049E+000
13606;5.178815E+000
13632;5.140320E+000
13657;5.208302E+000
13682;5.108437E+000
13708;5.108421E+000
13733;5.194871E+000
13758;5.203131E+000
13784;5.203829E+000
13809;5.207663E+000
13834;5.082151E+000
13861;5.116901E+000
13886;5.144889E+000
13913;5.142621E+000
13938;5.185425E+000
13963;5.176198E+000
13989;5.223195E+000
14014;5.144757E+000
14039;5.181914E+000
14064;5.134593E+000
14089;5.134182E+000
14115;5.227138E+000
14140;5.198169E+000
14165;5.187674E+000
14192;5.093994E+000
14217;5.160468E+000
14242;5.181252E+000
14268;5.152602E+000
14294;5.195376E+000
14320;5.157999E+000
14345;5.215035E+000
14371;5.136373E+000
14396;5.186093E+000
14422;5.130204E+000
14447;5.170410E+000
14473;5.124272E+000
14498;5.132316E+000
14525;5.186062E+000
14550;5.174582E+000
14576;5.150362E+000
14601;5.178908E+000
14627;5.106910E+000
14652;5.168226E+000
14678;5.227112E+000
14704;5.211504E+000
14730;5.178051E+000
14755;5.141974E+000
14781;5.187820E+000
14807;5.189525E+000
14832;5.154633E+000
14858;5.163832E+000
14883;5.149597E+000
14908;5.237906E+000
14934;5.179563E+000
14959;5.204021E+000
14984;5.205199E+000
15010;5.205199E+000
15035;5.207196E+000
15061;5.124918E+000
15087;5.090202E+000
15113;5.132842E+000
15138;5.181527E+000
15165;5.208496E+000
15190;5.168819E+000
15215;5.161298E+000
15241;5.209411E+000
15266;5.160762E+000
15291;5.230448E+000
15317;5.139712E+000
15343;5.158506E+000
15369;5.179909E+000
15394;5.199679E+000
15419;5.079698E+000
15445;5.144862E+000
15471;5.091263E+000
15497;5.179522E+000
15523;5.127295E+000
15548;5.149712E+000
15574;5.113008E+000
15600;5.157922E+000
15625;5.188828E+000
15650;5.141735E+000
15675;5.169545E+000
15701;5.178729E+000
15726;5.133701E+000
15751;5.210272E+000
15776;5.094145E+000
15801;5.148409E+000
15827;5.156788E+000
15853;5.098994E+000
15878;5.106060E+000
15903;5.145795E+000
15929;5.150785E+000
15955;5.112963E+000
15980;5.176852E+000
16006;5.190808E+000
16031;5.127155E+000
16057;5.133467E+000
16083;5.167353E+000
16108;5.108061E+000
16133;5.176102E+000
16159;5.202907E+000
16184;5.103948E+000
16210;5.175243E+000
16235;5.116561E+000
16260;5.216527E+000
16286;5.137113E+000
16312;5.079071E+000
16337;5.146152E+000
16362;5.185919E+000
16387;5.111043E+000
16413;5.151396E+000
16438;5.130929E+000
16464;5.227740E+000
16489;5.223121E+000
16514;5.213162E+000
16540;5.139553E+000
16566;5.157772E+000
16591;5.170712E+000
16616;5.141994E+000
16642;5.128865E+000
16667;5.158495E+000
16692;5.212433E+000
16719;5.131765E+000
16745;5.149320E+000
16771;5.123277E+000
16797;5.158653E+000
16822;5.170854E+000
16847;5.127921E+000
16873;5.151132E+000
16898;5.168111E+000
16923;5.185700E+000
16949;5.232715E+000
16974;5.133493E+000
17000;5.145146E+000
17026;5.195455E+000
17051;5.102468E+000
17076;5.102468E+000
17101;5.199212E+000
17127;5.151738E+000
17153;5.149778E+000
17178;5.095103E+000
17204;5.145745E+000
17230;5.140193E+000
17255;5.251299E+000
17280;5.073338E+000
17305;5.121054E+000
17330;5.076661E+000
17356;5.159783E+000
17381;5.198980E+000
17407;5.163940E+000
17433;5.074537E+000
17459;5.131241E+000
17485;5.119214E+000
17510;5.153749E+000
17536;5.197587E+000
17561;5.195454E+000
17587;5.134044E+000
17612;5.153076E+000
17638;5.173323E+000
17664;5.179040E+000
17690;5.107438E+000
17715;5.185730E+000
17740;5.176685E+000
17766;5.170766E+000
17791;5.165849E+000
17818;5.142811E+000
17843;5.246744E+000
17868;5.119325E+000
17894;5.241998E+000
17920;5.191591E+000
17946;5.188379E+000
17972;5.135929E+000
17997;5.179884E+000
18023;5.057786E+000
18048;5.079289E+000
18073;5.102720E+000
18098;5.127854E+000
18124;5.133813E+000
18149;5.235751E+000
18175;5.158252E+000
18201;5.153956E+000
18227;5.117714E+000
18253;5.180784E+000
18278;5.125945E+000
18303;5.141649E+000
18329;5.171437E+000
18354;5.183696E+000
18380;5.161740E+000
18406;5.146844E+000
18431;5.187156E+000
18456;5.126565E+000
18482;5.112577E+000
18508;5.115243E+000
18534;5.118069E+000
18560;5.178804E+000
18585;5.172225E+000
18611;5.149887E+000
18637;5.194563E+000
18662;5.202387E+000
18688;5.132294E+000
18714;5.209662E+000
18740;5.200426E+000
18766;5.220626E+000
18791;5.182643E+000
18816;5.192154E+000
18842;5.137541E+000
18868;5.118886E+000
18894;5.229175E+000
18919;5.169618E+000
18945;5.151686E+000
18971;5.152183E+000
18996;5.219958E+000
19021;5.096380E+000
19047;5.193972E+000
19073;5.205300E+000
19098;5.148642E+000
19124;5.118934E+000
19149;5.183948E+000
19174;5.177436E+000
19200;5.126290E+000
19226;5.124139E+000
19251;5.203218E+000
19277;5.149754E+000
19302;5.127079E+000
19328;5.155643E+000
19354;5.139537E+000
19380;5.228823E+000
19405;5.215153E+000
19430;5.139717E+000
19456;5.158014E+000
19481;5.102571E+000
19506;5.195310E+000
19531;5.159162E+000
19556;5.138924E+000
19582;5.149809E+000
19608;5.143040E+000
19633;5.168087E+000
19659;5.200958E+000
19685;5.263638E+000
19710;5.209888E+000
19737;5.113335E+000
19762;5.175037E+000
19787;5.161716E+000
19812;5.152346E+000
19837;5.165923E+000
19863;5.065074E+000
19888;5.161944E+000
19914;5.173067E+000
19940;5.186661E+000
19966;5.163195E+000
19991;5.189354E+000
20016;5.140124E+000
20042;5.130635E+000
20068;5.166211E+000
20093;5.213903E+000
20119;5.116509E+000
20145;5.129672E+000
20170;5.128555E+000
20195;5.188242E+000
20221;5.152105E+000
20246;5.236807E+000
20272;5.164021E+000
20297;5.164021E+000
20323;5.139175E+000
20348;5.134923E+000
20373;5.069320E+000
20399;5.156970E+000
20424;5.155199E+000
20449;5.143489E+000
20474;5.158507E+000
20500;5.144279E+000
20526;5.117502E+000
20552;5.139005E+000
20577;5.166142E+000
20603;5.181125E+000
20629;5.083256E+000
20654;5.100254E+000
20680;5.165133E+000
20705;5.190972E+000
20730;5.190360E+000
20755;5.132364E+000
20780;5.191266E+000
20805;5.208406E+000
20831;5.154902E+000
20857;5.195291E+000
20883;5.184747E+000
20908;5.119939E+000
20933;5.120408E+000
20959;5.118126E+000
20984;5.208829E+000
21010;5.208829E+000
21036;5.164277E+000
21061;5.195757E+000
21087;5.180744E+000
21112;5.210483E+000
21137;5.126060E+000
21163;5.151491E+000
21188;5.202482E+000
21213;5.081897E+000
21238;5.190182E+000
21264;5.131352E+000
21289;5.188682E+000
21315;5.135363E+000
21340;5.157091E+000
21366;5.165630E+000
21391;5.109074E+000
21416;5.176624E+000
21442;5.137079E+000
21467;5.109006E+000
21492;5.153900E+000
21518;5.165453E+000
21543;5.099288E+000
21568;5.132679E+000
21594;5.127912E+000
21619;5.199190E+000
21645;5.127769E+000
21671;5.177264E+000
21696;5.103457E+000
21722;5.103457E+000
21748;5.131850E+000
21773;5.132905E+000
21799;5.180205E+000
21824;5.152701E+000
21850;5.121968E+000
21876;5.175736E+000
21901;5.187066E+000
21927;5.204738E+000
21952;5.172064E+000
21977;5.113576E+000
22002;5.144246E+000
22029;5.109143E+000
22055;5.130824E+000
22081;5.058034E+000
22106;5.131323E+000
22131;5.174162E+000
22157;5.236819E+000
22182;5.138341E+000
22207;5.050149E+000
22232;5.069653E+000
22258;5.139003E+000
22284;5.111283E+000
22309;5.123150E+000
22335;5.176592E+000
22360;5.180030E+000
22385;5.061785E+000
22411;5.151409E+000
22437;5.086784E+000
22462;5.100775E+000
22488;5.094882E+000
22513;5.110073E+000
22538;5.163384E+000
22563;5.165245E+000
22589;5.100351E+000
22615;5.199668E+000
22641;5.089830E+000
22667;5.152613E+000
22692;5.117549E+000
22717;5.157362E+000
22742;5.146183E+000
22768;5.122971E+000
22793;5.186290E+000
22818;5.102973E+000
22843;5.194354E+000
22868;5.134462E+000
22895;5.146036E+000
22920;5.234948E+000
22946;5.197622E+000
22972;5.159479E+000
22997;5.138275E+000
23022;5.119631E+000
23049;5.135229E+000
23074;5.154423E+000
23100;5.162371E+000
23125;5.143716E+000
23151;5.143716E+000
23177;5.175471E+000
23203;5.157981E+000
23228;5.161504E+000
23253;5.206091E+000
23279;5.145354E+000
23305;5.143374E+000
23330;5.135839E+000
23356;5.218964E+000
23381;5.135170E+000
23406;5.163225E+000
23432;5.126552E+000
23457;5.160763E+000
23483;5.139934E+000
23508;5.162586E+000
23533;5.171093E+000
23558;5.144314E+000
23584;5.151088E+000
23609;5.153303E+000
23634;5.153303E+000
23660;5.134895E+000
23686;5.205294E+000
23712;5.174539E+000
23737;5.142489E+000
