Timestamp;power_now;chassis_power
6;5.993328E+000;4.879928E+000
32;5.993967E+000;4.843257E+000
58;5.993277E+000;4.864429E+000
84;5.993881E+000;4.865826E+000
110;5.995154E+000;4.842482E+000
136;5.995036E+000;4.860789E+000
162;5.993366E+000;4.853950E+000
189;5.994277E+000;4.852867E+000
215;5.996085E+000;4.856384E+000
242;5.994445E+000;4.885240E+000
269;5.992949E+000;4.877943E+000
295;5.995706E+000;4.779967E+000
320;5.994133E+000;4.847991E+000
347;5.993362E+000;4.839587E+000
374;5.993112E+000;4.845819E+000
399;5.990721E+000;4.862914E+000
425;5.991839E+000;5.053616E+000
452;5.987776E+000;4.994380E+000
478;5.992252E+000;4.823389E+000
505;5.994733E+000;4.817043E+000
532;5.993559E+000;4.841459E+000
558;5.993844E+000;4.885136E+000
585;5.993792E+000;4.831661E+000
611;5.993148E+000;4.867598E+000
638;5.992983E+000;4.811763E+000
664;5.992887E+000;4.872042E+000
690;5.994867E+000;4.789675E+000
716;5.994461E+000;4.793581E+000
741;5.993056E+000;4.786053E+000
767;5.992738E+000;4.761849E+000
793;5.994024E+000;4.793198E+000
819;5.993423E+000;4.844872E+000
846;5.993548E+000;4.862026E+000
873;5.993543E+000;4.797997E+000
899;5.993048E+000;4.851215E+000
926;5.992654E+000;4.905301E+000
952;5.992842E+000;4.830022E+000
978;5.992922E+000;4.828755E+000
1005;5.992975E+000;4.794247E+000
1031;5.993180E+000;4.811311E+000
1058;5.993230E+000;4.842452E+000
1085;5.994123E+000;4.800037E+000
1111;5.993002E+000;4.859221E+000
1138;5.993070E+000;4.867730E+000
1165;5.995090E+000;4.784907E+000
1191;5.993679E+000;4.896538E+000
1217;5.993848E+000;4.805986E+000
1244;5.993343E+000;4.873816E+000
1269;5.995253E+000;4.821823E+000
1295;5.992852E+000;4.803512E+000
1321;5.994585E+000;4.845599E+000
1348;5.993371E+000;4.832236E+000
1374;5.993846E+000;4.819343E+000
1400;5.992851E+000;4.875650E+000
1426;5.993896E+000;4.884776E+000
1452;5.993975E+000;4.842973E+000
1479;5.992943E+000;4.846124E+000
1505;5.992932E+000;4.871377E+000
1530;5.993236E+000;4.836143E+000
1556;5.993304E+000;4.843080E+000
1583;5.994551E+000;4.862850E+000
1610;5.994738E+000;4.848405E+000
1637;5.993309E+000;4.834725E+000
1664;5.993274E+000;4.837992E+000
1690;5.993474E+000;4.811732E+000
1717;5.993054E+000;4.808428E+000
1743;5.993506E+000;4.804809E+000
1770;5.992771E+000;4.914035E+000
1797;5.992930E+000;4.891390E+000
1824;5.992797E+000;4.920128E+000
1850;5.993705E+000;4.824388E+000
1876;5.992656E+000;4.820285E+000
1902;5.993854E+000;4.801345E+000
1929;5.993902E+000;4.783632E+000
1955;5.993289E+000;4.840937E+000
1981;5.993195E+000;4.829927E+000
2007;5.993173E+000;4.852188E+000
2033;5.993210E+000;4.871691E+000
2060;5.992861E+000;4.860031E+000
2086;5.993244E+000;4.833596E+000
2113;5.992836E+000;4.888904E+000
2140;5.993362E+000;4.753281E+000
2166;5.993526E+000;4.814544E+000
2193;5.993233E+000;4.858145E+000
2220;5.992775E+000;4.797086E+000
2245;5.992635E+000;4.825130E+000
2271;5.993109E+000;4.862019E+000
2298;5.993377E+000;4.852953E+000
2324;5.992827E+000;4.827403E+000
2350;5.992929E+000;4.827403E+000
2376;5.993397E+000;4.850766E+000
2403;5.992780E+000;4.833620E+000
2429;5.994335E+000;4.866569E+000
2455;5.994672E+000;4.848854E+000
2481;5.993142E+000;4.823946E+000
2507;5.992926E+000;4.821468E+000
2534;5.994092E+000;4.833357E+000
2561;5.996363E+000;4.850985E+000
2588;5.994356E+000;4.863520E+000
2614;5.993206E+000;4.799061E+000
2640;5.994097E+000;4.869673E+000
2667;5.995109E+000;4.800002E+000
2694;5.993538E+000;4.929266E+000
2720;5.993676E+000;4.778010E+000
2746;5.992691E+000;4.931546E+000
2772;5.994959E+000;4.852986E+000
2799;5.993372E+000;4.916842E+000
2825;5.993392E+000;4.825529E+000
2851;5.993666E+000;4.843282E+000
2878;5.993282E+000;4.808051E+000
2905;5.993457E+000;4.870307E+000
2932;5.993389E+000;4.855081E+000
2958;5.992833E+000;4.798589E+000
2985;5.993616E+000;4.783941E+000
3012;5.994283E+000;4.816731E+000
3038;5.993231E+000;4.833313E+000
3064;5.993835E+000;4.851691E+000
3090;5.993509E+000;4.836547E+000
3117;5.993918E+000;4.848017E+000
3144;5.994186E+000;4.759138E+000
3170;5.993011E+000;4.899447E+000
3196;6.254743E+000;4.827106E+000
3223;1.320894E+001;5.143848E+000
3250;3.021841E+001;2.203410E+001
3277;4.744178E+001;3.783550E+001
3303;5.243226E+001;5.031096E+001
3330;5.121622E+001;5.441688E+001
3357;5.004459E+001;5.301537E+001
3383;4.888455E+001;5.248840E+001
3409;3.899263E+001;5.246877E+001
3435;2.749277E+001;4.537317E+001
3597;8.022050E-001;4.150153E-001
3624;1.826415E+000;4.320345E-001
3651;2.832576E+000;4.251520E-001
3677;3.584999E+000;9.026908E-001
3704;4.197881E+000;2.304511E+000
3731;4.825072E+000;2.775280E+000
3758;9.279163E+000;3.161904E+000
3784;1.947898E+001;4.357292E+000
3810;3.179590E+001;1.704357E+001
3836;4.964325E+001;2.626910E+001
3863;6.044827E+001;3.860766E+001
3890;5.976620E+001;6.422667E+001
3944;5.254452E+001;6.018067E+001
3970;4.699937E+001;5.227589E+001
3995;3.896810E+001;4.652987E+001
4076;4.137546E+000;9.623418E+000
4103;-1.039115E+000;2.149828E+000
4130;-4.821035E-001;4.170564E-001
4156;5.661383E-001;4.103414E-001
4182;1.350433E+000;4.227854E-001
4209;2.219020E+000;4.323087E-001
4236;2.993042E+000;9.332908E-001
4262;3.713438E+000;1.573726E+000
4289;4.345170E+000;2.151136E+000
4316;4.777965E+000;3.109303E+000
4343;6.451493E+000;3.429951E+000
4369;1.408380E+001;4.451199E+000
4396;2.186943E+001;9.478001E+000
4423;2.945824E+001;2.253797E+001
4449;3.788760E+001;2.891550E+001
4475;4.356842E+001;3.540772E+001
4502;4.398466E+001;4.194045E+001
4528;3.591653E+001;4.595964E+001
4555;2.471292E+001;4.070715E+001
4582;1.870132E+001;2.376602E+001
4608;1.689926E+001;1.911976E+001
4634;1.179748E+001;1.748503E+001
4661;4.701307E+000;9.739531E+000
4688;1.259941E+000;3.963686E+000
4714;1.982444E+000;6.208791E-001
4740;2.731869E+000;4.165469E-001
4767;3.435322E+000;1.916298E+000
4794;4.022468E+000;1.916298E+000
4821;4.551761E+000;2.830366E+000
4847;4.970863E+000;3.621463E+000
4874;4.937721E+000;3.724596E+000
4900;5.153463E+000;3.759544E+000
4926;5.596755E+000;4.234494E+000
4952;1.017411E+001;6.327737E+000
4979;1.676147E+001;1.213356E+001
5006;2.295056E+001;1.654706E+001
5033;3.204570E+001;2.655767E+001
5060;4.938382E+001;3.651774E+001
5087;6.772027E+001;5.115620E+001
5114;7.767612E+001;7.896104E+001
5141;8.369263E+001;8.447886E+001
5167;8.667929E+001;8.857113E+001
5193;7.711484E+001;8.991252E+001
5219;6.641411E+001;7.809887E+001
5245;4.553381E+001;6.918334E+001
5272;2.004331E+001;5.284063E+001
41207;5.993039E+000;4.776376E+000
41233;5.992675E+000;4.883837E+000
41337;5.993951E+000;4.895707E+000
41363;5.993697E+000;4.853782E+000
41390;5.993179E+000;4.832160E+000
41416;5.993293E+000;4.772227E+000
41442;5.993409E+000;4.852713E+000
41468;5.993032E+000;4.858927E+000
41494;5.994146E+000;4.831865E+000
41520;5.993611E+000;4.802768E+000
41546;5.994123E+000;4.803104E+000
41572;5.994265E+000;4.783617E+000
41597;5.993372E+000;4.857833E+000
41623;5.994000E+000;4.854634E+000
41649;5.993751E+000;4.843134E+000
41675;5.993937E+000;4.875413E+000
41701;5.993792E+000;4.840584E+000
41728;5.993022E+000;4.789299E+000
41754;5.994591E+000;4.852720E+000
41781;5.993093E+000;4.839151E+000
41807;5.994020E+000;4.843916E+000
41833;5.995976E+000;4.880487E+000
41859;5.994309E+000;4.824891E+000
41886;5.993138E+000;4.820086E+000
41912;5.993452E+000;4.814871E+000
41938;5.993697E+000;4.815727E+000
41964;5.993335E+000;4.838499E+000
41990;5.993063E+000;4.757289E+000
42017;5.997756E+000;4.753496E+000
42043;5.994678E+000;4.766541E+000
42069;5.993559E+000;4.837245E+000
42095;5.992881E+000;4.835063E+000
42121;5.993373E+000;4.827123E+000
42148;5.992759E+000;4.790872E+000
42174;5.993658E+000;4.889804E+000
42199;5.992945E+000;4.783276E+000
42225;5.993437E+000;4.800499E+000
42252;5.992987E+000;4.870856E+000
42278;5.993740E+000;4.837092E+000
42305;5.993770E+000;4.821630E+000
42330;5.994101E+000;4.806024E+000
42356;5.993329E+000;4.801382E+000
42383;5.993814E+000;4.810145E+000
42409;5.993415E+000;4.810964E+000
42436;5.994720E+000;4.850508E+000
42462;5.994530E+000;4.885872E+000
42488;5.993187E+000;4.939022E+000
42514;5.993089E+000;4.848936E+000
42541;5.999215E+000;4.821950E+000
42567;5.993366E+000;4.820873E+000
42594;5.993867E+000;4.845186E+000
42619;5.993417E+000;4.890099E+000
42645;5.994780E+000;4.850512E+000
42671;5.993709E+000;4.788729E+000
42697;5.993587E+000;4.799911E+000
42723;5.993791E+000;4.870077E+000
42749;5.994239E+000;4.786749E+000
42775;5.992999E+000;4.826037E+000
42802;5.993079E+000;4.776573E+000
42828;5.993334E+000;4.855952E+000
42855;5.993717E+000;4.855952E+000
42881;5.993379E+000;4.876273E+000
42907;5.994574E+000;4.868663E+000
42934;5.992734E+000;4.897232E+000
42960;5.992522E+000;4.897232E+000
42987;5.993421E+000;4.881769E+000
43014;5.993877E+000;4.865107E+000
43040;5.999260E+000;4.833606E+000
43067;5.993681E+000;4.824533E+000
43094;5.993804E+000;4.824533E+000
43121;5.996589E+000;4.814890E+000
43148;5.992967E+000;4.916177E+000
43174;5.992607E+000;4.814474E+000
43200;5.993132E+000;4.891395E+000
43227;5.994002E+000;4.828765E+000
43252;5.992936E+000;4.820037E+000
43279;5.993017E+000;4.851974E+000
43305;5.993073E+000;4.845498E+000
43331;5.993373E+000;4.853301E+000
43358;5.993174E+000;4.884934E+000
43385;5.993389E+000;4.866242E+000
43411;5.997053E+000;4.821928E+000
43437;5.993240E+000;4.785549E+000
43464;5.994146E+000;4.810659E+000
43490;5.994668E+000;4.807433E+000
43516;5.992805E+000;4.805742E+000
43542;5.992739E+000;4.903460E+000
43568;5.993166E+000;4.823929E+000
43594;5.993561E+000;4.838003E+000
43621;5.993891E+000;4.781093E+000
43648;5.993396E+000;4.880098E+000
43674;5.995162E+000;4.847692E+000
43700;5.993604E+000;4.759186E+000
43727;5.992831E+000;4.814097E+000
43753;5.993819E+000;4.844620E+000
43779;5.994617E+000;4.819191E+000
43806;5.992967E+000;4.833596E+000
43832;5.993045E+000;4.864526E+000
43859;5.994593E+000;4.802845E+000
43886;5.992903E+000;4.814152E+000
43913;5.993781E+000;4.805890E+000
43939;6.001410E+000;4.858570E+000
43965;5.995022E+000;4.816961E+000
43991;5.993102E+000;4.860245E+000
44018;5.993571E+000;4.814433E+000
44044;5.998303E+000;4.774029E+000
44070;5.993619E+000;4.839774E+000
44096;5.993476E+000;4.811735E+000
44123;5.993109E+000;4.784038E+000
44150;5.995685E+000;4.822031E+000
44177;5.994553E+000;4.753468E+000
44203;5.993368E+000;4.879937E+000
44230;6.000404E+000;4.838535E+000
44256;5.993700E+000;4.840886E+000
44282;5.993303E+000;4.771669E+000
44309;5.994005E+000;4.854668E+000
44336;5.994568E+000;4.817768E+000
44362;5.992841E+000;4.825112E+000
44387;5.993231E+000;4.857199E+000
44413;5.993050E+000;4.833395E+000
44439;5.993255E+000;4.840518E+000
44466;5.994074E+000;4.839999E+000
44492;5.994576E+000;4.775363E+000
44518;5.995631E+000;4.776272E+000
44544;5.993805E+000;4.805377E+000
44571;5.995262E+000;4.806201E+000
44598;5.993670E+000;4.864424E+000
44625;5.994130E+000;4.852314E+000
44651;5.992923E+000;4.849975E+000
44677;5.993146E+000;4.851697E+000
44703;5.995060E+000;4.793260E+000
44730;5.994734E+000;4.851112E+000
44756;5.993643E+000;4.894369E+000
44782;5.993494E+000;4.876605E+000
44808;5.993251E+000;4.820191E+000
44835;5.993620E+000;4.831643E+000
44861;5.993738E+000;4.761811E+000
44888;5.992861E+000;4.817390E+000
44915;5.994625E+000;4.844447E+000
44941;5.993059E+000;4.850194E+000
44967;5.993553E+000;4.758978E+000
44994;5.993352E+000;4.835158E+000
45020;5.994730E+000;4.842254E+000
45046;5.993240E+000;4.822770E+000
45072;5.994285E+000;4.877907E+000
45099;5.993492E+000;4.817258E+000
45125;5.996842E+000;4.856448E+000
45152;5.994583E+000;4.767277E+000
45178;5.993418E+000;4.807689E+000
45204;5.993291E+000;4.856776E+000
45230;5.993276E+000;4.861701E+000
45257;5.994277E+000;4.852038E+000
45284;5.993084E+000;4.852038E+000
45311;5.993190E+000;4.816559E+000
45337;5.994104E+000;4.879347E+000
45364;5.994301E+000;4.904351E+000
45391;5.993083E+000;4.841131E+000
45418;5.993144E+000;4.878518E+000
45444;5.992812E+000;4.801593E+000
45471;5.993045E+000;4.822408E+000
45498;5.994187E+000;4.864579E+000
45524;5.995837E+000;4.792076E+000
45550;5.997316E+000;4.822069E+000
45577;5.992973E+000;4.882698E+000
45630;5.995492E+000;4.775543E+000
45656;5.992586E+000;4.824297E+000
45682;5.994094E+000;4.879670E+000
45709;6.000335E+000;4.756775E+000
45735;5.997163E+000;4.820026E+000
45761;5.993648E+000;4.820026E+000
45787;5.993495E+000;4.836998E+000
45812;5.992598E+000;4.787143E+000
45838;5.993240E+000;4.828073E+000
45864;5.993928E+000;4.898643E+000
45890;5.993566E+000;4.821301E+000
45917;5.997045E+000;4.793206E+000
45943;5.993750E+000;4.801281E+000
45970;5.992977E+000;4.818553E+000
45996;5.994422E+000;4.913537E+000
46022;5.994196E+000;4.772210E+000
46047;5.993245E+000;4.856552E+000
46073;5.993234E+000;4.811397E+000
46099;5.995279E+000;4.846068E+000
46126;5.993917E+000;4.813548E+000
46152;5.993456E+000;4.816945E+000
46178;5.994065E+000;4.787663E+000
46204;5.995176E+000;4.798390E+000
46230;5.993829E+000;4.752192E+000
46256;5.994102E+000;4.934707E+000
46283;5.993630E+000;4.857535E+000
46310;5.994866E+000;4.866917E+000
46336;5.993178E+000;4.835099E+000
46363;5.993837E+000;4.821286E+000
46389;5.994031E+000;4.793092E+000
46416;5.993293E+000;4.851014E+000
46442;5.993625E+000;4.831501E+000
46469;5.993392E+000;4.821336E+000
46496;5.993444E+000;4.822165E+000
46523;5.993324E+000;4.804954E+000
46550;5.994372E+000;4.769310E+000
46577;5.992917E+000;4.836648E+000
46603;5.993458E+000;4.803225E+000
46630;5.993597E+000;4.797482E+000
46656;5.992889E+000;4.797029E+000
46682;5.994646E+000;4.849020E+000
46708;5.993478E+000;4.825493E+000
46735;5.993523E+000;4.834580E+000
46761;5.993338E+000;4.806254E+000
46788;5.993115E+000;4.806254E+000
46813;5.994063E+000;4.778781E+000
46839;5.993317E+000;4.819996E+000
46866;5.995047E+000;4.846268E+000
46893;5.992803E+000;4.852198E+000
46920;5.993383E+000;4.837965E+000
46946;5.994720E+000;4.822540E+000
46973;5.993298E+000;4.810709E+000
46999;5.992955E+000;4.768533E+000
47025;5.994303E+000;4.822365E+000
47052;5.993433E+000;4.863411E+000
47078;5.993364E+000;4.852882E+000
47105;5.993382E+000;4.771849E+000
47132;5.994910E+000;4.844363E+000
47158;5.993597E+000;4.839042E+000
47184;5.993570E+000;4.809398E+000
47211;5.995526E+000;4.830362E+000
47238;5.993872E+000;4.832520E+000
47264;5.994594E+000;4.824761E+000
47291;5.994532E+000;4.857434E+000
47318;5.997722E+000;4.809027E+000
47344;5.994309E+000;4.845906E+000
47370;5.993260E+000;4.845569E+000
47396;5.993269E+000;4.781692E+000
47423;5.993607E+000;4.858262E+000
47449;5.993797E+000;4.842743E+000
47475;5.993426E+000;4.855985E+000
47502;5.995129E+000;4.839397E+000
47529;5.993106E+000;4.816522E+000
47555;5.993479E+000;4.825645E+000
47581;5.993929E+000;4.857383E+000
47607;5.994427E+000;4.841681E+000
47634;5.992920E+000;4.874102E+000
47661;5.994251E+000;4.884143E+000
47688;5.992907E+000;4.907586E+000
47715;5.992788E+000;4.855825E+000
47741;5.993117E+000;4.793814E+000
47767;5.993768E+000;4.858138E+000
47794;5.994428E+000;4.901473E+000
47820;5.993623E+000;4.892754E+000
47846;5.993803E+000;4.810233E+000
47872;5.993402E+000;4.855450E+000
47899;5.993458E+000;4.858620E+000
47926;5.993705E+000;4.848923E+000
47952;5.992693E+000;4.814638E+000
47978;5.992536E+000;4.879434E+000
48005;5.992708E+000;4.840343E+000
48031;5.993356E+000;4.858837E+000
48057;5.993250E+000;4.852325E+000
48084;5.993433E+000;4.810367E+000
48111;5.992935E+000;4.813750E+000
48138;5.994520E+000;4.855666E+000
48165;5.993355E+000;4.850029E+000
48192;5.994439E+000;4.867912E+000
48218;5.993264E+000;4.875170E+000
48245;5.994541E+000;4.842694E+000
48271;5.993298E+000;4.810997E+000
48297;5.993448E+000;4.770376E+000
48323;5.993904E+000;4.847955E+000
48349;5.996512E+000;4.878294E+000
48375;5.993486E+000;4.837237E+000
48402;5.993226E+000;4.763978E+000
48428;5.993010E+000;4.813137E+000
48454;5.992933E+000;4.949834E+000
48480;5.993526E+000;4.802089E+000
48507;5.993720E+000;4.798341E+000
48533;5.993612E+000;4.853096E+000
48559;5.993431E+000;4.824303E+000
48584;5.993468E+000;4.851895E+000
48610;5.994875E+000;4.814510E+000
48636;5.993737E+000;4.836604E+000
48662;5.993032E+000;4.776860E+000
48688;5.993713E+000;4.856138E+000
48713;5.993614E+000;4.860076E+000
48739;5.993022E+000;4.852959E+000
48765;5.993400E+000;4.729870E+000
48791;5.993737E+000;4.773190E+000
48817;5.993129E+000;4.826305E+000
48844;5.993276E+000;4.839080E+000
48871;5.994637E+000;4.809331E+000
48897;5.993184E+000;4.832734E+000
48923;5.992852E+000;4.881886E+000
48949;5.992899E+000;4.822529E+000
48975;5.994879E+000;4.838536E+000
49000;5.994237E+000;4.886346E+000
49026;5.993092E+000;4.803133E+000
49052;5.993154E+000;4.827054E+000
49077;5.993413E+000;4.829282E+000
49104;5.995326E+000;4.849646E+000
49131;5.992833E+000;4.803717E+000
49157;5.993803E+000;4.880239E+000
49184;5.993706E+000;4.854921E+000
49209;5.993104E+000;4.822293E+000
49236;5.994639E+000;4.878258E+000
49262;5.993536E+000;4.848644E+000
49289;5.993747E+000;4.810042E+000
49318;5.993258E+000;4.888050E+000
49348;5.995126E+000;4.844390E+000
49377;5.993331E+000;4.831538E+000
49405;5.993407E+000;4.847209E+000
49435;5.993624E+000;4.768670E+000
49473;5.994664E+000;4.859659E+000
49510;5.993973E+000;4.815061E+000
49542;5.994658E+000;4.837778E+000
49576;5.992905E+000;4.806852E+000
49606;5.993250E+000;4.878526E+000
49639;5.997541E+000;4.805085E+000
49668;5.994143E+000;4.840551E+000
49706;5.993619E+000;4.853813E+000
49744;5.993246E+000;4.829429E+000
49773;5.993777E+000;4.766240E+000
49806;5.998546E+000;4.886548E+000
49839;5.993035E+000;4.813461E+000
49877;5.993103E+000;4.816088E+000
49914;5.993089E+000;4.784650E+000
49946;5.993266E+000;4.747470E+000
49977;5.994648E+000;4.771567E+000
50010;5.999556E+000;4.858136E+000
50046;5.993188E+000;4.809903E+000
50085;5.992963E+000;4.806848E+000
50118;5.994836E+000;4.818112E+000
50147;5.993081E+000;4.808062E+000
50177;5.993150E+000;4.763227E+000
50210;5.993051E+000;4.862629E+000
50242;5.992990E+000;4.840218E+000
50276;5.994367E+000;4.858262E+000
50315;5.993636E+000;4.884935E+000
50347;5.994034E+000;4.814330E+000
50377;5.998286E+000;4.849081E+000
50418;5.993073E+000;4.841967E+000
50447;5.993571E+000;4.785307E+000
50476;5.998199E+000;4.789905E+000
50507;5.995395E+000;4.800241E+000
50535;5.992700E+000;4.844921E+000
50564;5.994027E+000;4.838720E+000
50593;5.993620E+000;4.800243E+000
50625;5.993391E+000;4.855556E+000
50982;5.993383E+000;4.849623E+000
51330;5.994624E+000;4.901822E+000
51360;5.993607E+000;4.833796E+000
51393;5.997174E+000;4.811197E+000
51613;5.996075E+000;4.838969E+000
51726;5.996075E+000;4.838969E+000
51770;5.996075E+000;4.838969E+000
51799;5.996075E+000;4.838969E+000
51831;5.996075E+000;4.838969E+000
51863;5.996075E+000;4.838969E+000
51895;5.996075E+000;4.838969E+000
51927;5.996075E+000;4.838969E+000
51959;5.996075E+000;4.838969E+000
51992;5.996075E+000;4.838969E+000
52022;5.996075E+000;4.838969E+000
52054;5.996075E+000;4.838969E+000
52086;5.996075E+000;4.838969E+000
52117;5.996075E+000;4.838969E+000
52148;5.996075E+000;4.838969E+000
52179;5.996075E+000;4.838969E+000
52210;5.996075E+000;4.838969E+000
52243;5.996075E+000;4.838969E+000
52272;5.996075E+000;4.838969E+000
52304;5.996075E+000;4.838969E+000
52334;5.996075E+000;4.838969E+000
52365;5.996075E+000;4.838969E+000
52397;5.996075E+000;4.838969E+000
52429;5.996075E+000;4.838969E+000
52459;5.996075E+000;4.838969E+000
52492;5.996075E+000;4.838969E+000
52523;5.996075E+000;4.838969E+000
52553;5.996075E+000;4.838969E+000
52585;5.996075E+000;4.838969E+000
52617;5.996075E+000;4.838969E+000
52649;5.996075E+000;4.838969E+000
52679;5.996075E+000;4.838969E+000
52726;5.996075E+000;4.838969E+000
52758;5.996075E+000;4.838969E+000
52789;5.996075E+000;4.838969E+000
52819;5.996075E+000;4.838969E+000
52850;5.996075E+000;4.838969E+000
52882;5.996075E+000;4.838969E+000
52914;5.996075E+000;4.838969E+000
52944;5.996075E+000;4.838969E+000
52975;5.996075E+000;4.838969E+000
53008;5.996075E+000;4.838969E+000
53039;5.996075E+000;4.838969E+000
53069;5.996075E+000;4.838969E+000
53100;5.996075E+000;4.838969E+000
53132;5.996075E+000;4.838969E+000
53164;5.996075E+000;4.838969E+000
53201;5.996075E+000;4.838969E+000
53244;5.996075E+000;4.838969E+000
53274;5.996075E+000;4.838969E+000
53306;5.996075E+000;4.838969E+000
53338;5.996075E+000;4.838969E+000
53370;5.996075E+000;4.838969E+000
53401;5.996075E+000;4.838969E+000
53432;5.996075E+000;4.838969E+000
53464;5.996075E+000;4.838969E+000
53496;5.996075E+000;4.838969E+000
53527;5.996075E+000;4.838969E+000
53574;5.996075E+000;4.838969E+000
53606;5.996075E+000;4.838969E+000
53637;5.996075E+000;4.838969E+000
53668;5.996075E+000;4.838969E+000
53716;5.996075E+000;4.838969E+000
53748;5.996075E+000;4.838969E+000
53780;5.996075E+000;4.838969E+000
53812;5.996075E+000;4.838969E+000
53844;5.996075E+000;4.838969E+000
53875;5.996075E+000;4.838969E+000
53921;5.996075E+000;4.838969E+000
53952;5.996075E+000;4.838969E+000
53983;5.996075E+000;4.838969E+000
54015;5.996075E+000;4.838969E+000
54047;5.996075E+000;4.838969E+000
54094;5.996075E+000;4.838969E+000
54126;5.996075E+000;4.838969E+000
54158;5.996075E+000;4.838969E+000
54190;5.996075E+000;4.838969E+000
54237;5.996075E+000;4.838969E+000
54268;5.996075E+000;4.838969E+000
54299;5.996075E+000;4.838969E+000
54330;5.996075E+000;4.838969E+000
54360;5.996075E+000;4.838969E+000
54390;5.996075E+000;4.838969E+000
54422;5.996075E+000;4.838969E+000
54454;5.996075E+000;4.838969E+000
54486;5.996075E+000;4.838969E+000
54518;5.996075E+000;4.838969E+000
54550;5.996075E+000;4.838969E+000
54582;5.996075E+000;4.838969E+000
54614;5.996075E+000;4.838969E+000
54646;5.996075E+000;4.838969E+000
54677;5.996075E+000;4.838969E+000
54708;5.996075E+000;4.838969E+000
54740;5.996075E+000;4.838969E+000
54772;5.996075E+000;4.838969E+000
54865;0.000000E+000;0.000000E+000
54921;0.000000E+000;0.000000E+000
54950;0.000000E+000;0.000000E+000
54979;0.000000E+000;0.000000E+000
55010;0.000000E+000;0.000000E+000
55046;0.000000E+000;0.000000E+000
55080;0.000000E+000;0.000000E+000
55113;0.000000E+000;0.000000E+000
55147;4.116299E+000;0.000000E+000
55179;5.934892E+000;4.833936E+000
55213;5.991352E+000;4.767494E+000
55247;5.994109E+000;4.827393E+000
55284;5.993266E+000;4.865905E+000
55310;5.993415E+000;4.862423E+000
55335;5.994053E+000;4.839509E+000
55363;5.993492E+000;4.816070E+000
55392;5.993481E+000;4.882396E+000
55421;5.993717E+000;4.791953E+000
55447;5.995175E+000;4.815273E+000
55483;5.999515E+000;4.889309E+000
55518;5.993727E+000;4.806097E+000
55546;5.993386E+000;4.850714E+000
55579;5.993692E+000;4.896814E+000
55613;5.994569E+000;4.799772E+000
55650;5.993660E+000;4.822343E+000
55683;5.993688E+000;4.851056E+000
55713;5.993297E+000;4.780991E+000
55750;5.993309E+000;4.844105E+000
55780;5.994885E+000;4.829039E+000
55813;5.993204E+000;4.827396E+000
55838;5.993511E+000;4.765859E+000
55867;5.992602E+000;4.779304E+000
55893;5.995954E+000;4.819860E+000
55922;5.992876E+000;4.856705E+000
55951;5.992774E+000;4.819747E+000
55984;5.993429E+000;4.817064E+000
56017;5.993639E+000;4.744501E+000
56051;5.996273E+000;4.796731E+000
56076;5.993850E+000;4.798337E+000
56105;5.992895E+000;4.838041E+000
56134;5.993696E+000;4.851722E+000
56163;5.994232E+000;4.846194E+000
56189;5.993678E+000;4.828213E+000
56217;5.993490E+000;4.827438E+000
56247;5.993264E+000;4.888559E+000
56279;5.992960E+000;4.809107E+000
56306;5.994956E+000;4.904989E+000
56334;5.993805E+000;4.821148E+000
56363;5.994054E+000;4.792133E+000
56389;5.994395E+000;4.824166E+000
56421;5.993490E+000;4.826766E+000
56451;5.992905E+000;4.840240E+000
56479;5.992977E+000;4.836522E+000
56509;5.993140E+000;4.835016E+000
56538;5.993097E+000;4.791461E+000
56575;5.993611E+000;4.786175E+000
56608;5.994643E+000;4.871360E+000
56638;5.992596E+000;4.757082E+000
56675;5.993151E+000;4.839945E+000
56704;5.993789E+000;4.848902E+000
56741;5.993421E+000;4.887717E+000
56771;5.993353E+000;4.872214E+000
56801;5.995642E+000;4.850578E+000
56842;5.993131E+000;4.805800E+000
56871;5.994665E+000;4.851723E+000
56904;5.993608E+000;4.835733E+000
56935;5.994139E+000;4.833868E+000
56963;5.992943E+000;4.788222E+000
56992;5.994303E+000;4.811257E+000
57021;5.993292E+000;4.855731E+000
57046;5.993976E+000;4.798666E+000
57075;5.994421E+000;4.825550E+000
57105;5.993512E+000;4.863189E+000
57131;5.993287E+000;4.815225E+000
57158;5.993258E+000;4.884728E+000
57184;5.993739E+000;4.865190E+000
57213;5.993723E+000;4.819558E+000
57246;5.992733E+000;4.831522E+000
57283;5.993443E+000;4.842642E+000
57317;5.993295E+000;4.801326E+000
57346;5.993701E+000;4.801326E+000
57380;5.993539E+000;4.829266E+000
57413;5.993074E+000;4.827918E+000
57442;5.994336E+000;4.793452E+000
57476;5.994972E+000;4.822028E+000
57516;5.993821E+000;4.813206E+000
57542;5.998220E+000;4.829422E+000
57571;5.994439E+000;4.870621E+000
57596;5.993721E+000;4.882317E+000
57625;5.992960E+000;4.787949E+000
57650;5.994981E+000;4.787949E+000
57679;5.993985E+000;4.842241E+000
57713;5.993104E+000;4.858353E+000
